Legend,Volume/[m^3],Box size/[m],Temperature/[K],Number of wat,Number of K,Number of Cl,Pressure/[Pa],Tot Energy/[kJ],Potential Energy/[kJ],Density/[kg/m^3],Molarity/[mol/l],Molality/[mol/kg],Viscosity shear/[Pa*s],Viscosity bulk/[Pa*s],Thermal conductivity/[W/(m*K)],Self diffusivity YH_cor wat/[m^2/s],Self diffusivity YH_cor K/[m^2/s],Self diffusivity YH_cor Cl/[m^2/s],Onsager watwat/[m^2/s],Onsager watK/[m^2/s],Onsager watCl/[m^2/s],Onsager KK/[m^2/s],Onsager KCl/[m^2/s],Onsager ClCl/[m^2/s],E conduct NEYH_cor /[S/m],E conduct Ons/[S/m],sig ++/[S/m],sig +-/[S/m],sig --/[S/m]
Mean,1.68409e-26,2.5632350399963114e-09,298.11474999999996,500.0,36.0,36.0,-1575492.40902375,-35122.42064,-39104.398292000005,1152.9059499999998,3.54965635225629,3.9966073244490232,0.0008694088984211965,0.0018728024401398447,1.0442458099986078,2.1619673642642707e-09,1.895342484957708e-09,1.5870778814256796e-09,5.766664760065107e-10,-1.5032555269405918e-10,-1.2026013214127157e-10,8.024817839503154e-11,-3.865375883518568e-12,6.6508048235493e-11,26.115296738904533,18.40768516631426,9.561862225465582,0.46057359041722734,7.924675760014221
std,2.4300205760444824e-30,1.232795952946002e-13,0.055245542806637814,0.0,0.0,0.0,1331139.664316792,5.062522431692235,4.844716997357343,0.1658636412839885,0.0005121168518564357,0.0,6.879250691036175e-05,0.0,0.019448235586462918,3.026600381907956e-11,1.4382884774785432e-11,4.769593315267867e-11,1.8022071415516897e-11,1.2598895312074435e-11,9.206663166033445e-12,0.0,1.2848031416000223e-11,7.294814867512661e-12,0.37363969575775735,3.1827702322684917,0.002245767119232692,1.5308896604504947,0.8692057070203245
# success,4.0,4.0,4.0,4.0,4.0,4.0,4.0,4.0,4.0,4.0,4.0,4.0,2.0,1.0,3.0,2.0,2.0,2.0,3.0,3.0,3.0,1.0,4.0,3.0,4.0,4.0,4.0,4.0,4.0
