Legend,Volume/[m^3],Box size/[m],Temperature/[K],Number of wat,Number of K,Number of Cl,Pressure/[Pa],Tot Energy/[kJ],Potential Energy/[kJ],Density/[kg/m^3],Molarity/[mol/l],Molality/[mol/kg],Viscosity shear/[Pa*s],Viscosity bulk/[Pa*s],Thermal conductivity/[W/(m*K)],Self diffusivity YH_cor wat/[m^2/s],Self diffusivity YH_cor K/[m^2/s],Self diffusivity YH_cor Cl/[m^2/s],Onsager watwat/[m^2/s],Onsager watK/[m^2/s],Onsager watCl/[m^2/s],Onsager KK/[m^2/s],Onsager KCl/[m^2/s],Onsager ClCl/[m^2/s],E conduct NEYH_cor /[S/m],E conduct Ons/[S/m],sig ++/[S/m],sig +-/[S/m],sig --/[S/m]
Mean,1.68409e-26,2.5632350399963114e-09,298.11375,500.0,36.0,36.0,-1215765.04595625,-35123.50698571429,-39105.475074285714,1152.9059499999998,3.54965635225629,3.9966073244490232,0.0009751081279765518,0.0021800892449996114,1.0293947173099147,2.104571786437463e-09,1.8319515534958013e-09,1.5232881980020882e-09,5.932470423149689e-10,-1.5799617773844678e-10,-1.1689593788275064e-10,7.836176828628558e-11,-5.9647422516879254e-12,6.711818948409232e-11,25.16163083336435,18.755970278050427,9.337120922879423,0.7107231102078819,7.99740313475524
std,2.4300205760444824e-30,1.232795952946002e-13,0.05308817751474088,0.0,0.0,0.0,1258586.3899996004,5.153774315093706,4.966411380980197,0.1658636412839885,0.0005121168518564357,0.0,3.0033777435852906e-05,0.0001757922835249131,0.028361713197832573,4.0342979728153736e-11,2.4113481876460273e-11,5.92453689444326e-11,1.4761886977574914e-11,5.075412837171941e-12,7.759310824091645e-12,5.042468189823021e-12,8.150924642824636e-12,5.149552781290134e-12,0.4797185333902072,2.123804855401474,0.6008342451833419,0.9712155781860179,0.6135927330062046
# success,4.0,4.0,4.0,4.0,4.0,4.0,4.0,4.0,4.0,4.0,4.0,4.0,3.0,2.0,4.0,3.0,3.0,3.0,3.0,3.0,3.0,3.0,4.0,3.0,4.0,4.0,4.0,4.0,4.0
