Legend,Volume/[m^3],Box size/[m],Temperature/[K],Number of wat,Number of K,Number of Cl,Pressure/[Pa],Tot Energy/[kJ],Potential Energy/[kJ],Density/[kg/m^3],Molarity/[mol/l],Molality/[mol/kg],Viscosity shear/[Pa*s],Viscosity bulk/[Pa*s],Thermal conductivity/[W/(m*K)],Self diffusivity YH_cor wat/[m^2/s],Self diffusivity YH_cor K/[m^2/s],Self diffusivity YH_cor Cl/[m^2/s],Onsager watwat/[m^2/s],Onsager watK/[m^2/s],Onsager watCl/[m^2/s],Onsager KK/[m^2/s],Onsager KCl/[m^2/s],Onsager ClCl/[m^2/s],E conduct NEYH_cor /[S/m],E conduct Ons/[S/m],sig ++/[S/m],sig +-/[S/m],sig --/[S/m]
Mean,1.68409e-26,2.5632350399963114e-09,298.13689999999997,500.0,36.0,36.0,-1228557.207425625,-35121.611036,-39103.885752,1152.9059499999998,3.54965635225629,3.9966073244490232,0.0009153019651454276,0.002071569532157896,1.0082370178370887,2.139356519097951e-09,1.84411195351716e-09,1.6398003275813542e-09,5.746258066179314e-10,-1.471340203813794e-10,-1.118355353313965e-10,8.114484707506314e-11,-8.145863199300697e-12,7.046011297726101e-11,26.12454381561928,20.004014333216816,9.667985225132485,0.9705371061200968,8.394954895844139
std,2.4300205760444824e-30,1.232795952946002e-13,0.062414481492677,0.0,0.0,0.0,1229975.6896853428,5.992388208210938,5.6914883332899855,0.1658636412839885,0.0005121168518564357,0.0,0.0,0.00028363330341220393,0.037659295034526245,0.0,0.0,0.0,3.778522406111123e-11,1.0398408728357611e-11,5.0863170904163e-12,3.731088526809934e-12,0.0,2.403760863786892e-12,0.006642375872705154,0.5288325496157015,0.4445465305829676,0.0002467668833858408,0.28640352132183705
# success,4.0,4.0,4.0,4.0,4.0,4.0,4.0,4.0,4.0,4.0,4.0,4.0,1.0,2.0,4.0,1.0,1.0,1.0,3.0,3.0,3.0,3.0,1.0,3.0,4.0,4.0,4.0,4.0,4.0
