Legend,Volume/[m^3],Box size/[m],Temperature/[K],Number of wat,Number of K,Number of Cl,Pressure/[Pa],Tot Energy/[kJ],Potential Energy/[kJ],Density/[kg/m^3],Molarity/[mol/l],Molality/[mol/kg],Viscosity shear/[Pa*s],Viscosity bulk/[Pa*s],Thermal conductivity/[W/(m*K)],Self diffusivity YH_cor wat/[m^2/s],Self diffusivity YH_cor K/[m^2/s],Self diffusivity YH_cor Cl/[m^2/s],Onsager watwat/[m^2/s],Onsager watK/[m^2/s],Onsager watCl/[m^2/s],Onsager KK/[m^2/s],Onsager KCl/[m^2/s],Onsager ClCl/[m^2/s],E conduct NEYH_cor /[S/m],E conduct Ons/[S/m],sig ++/[S/m],sig +-/[S/m],sig --/[S/m]
Mean,1.68409e-26,2.5632350399963114e-09,298.153625,500.0,36.0,36.0,-1284827.5914796875,-35120.626749999996,-39103.12356666667,1152.9059499999998,3.54965635225629,3.9966073244490232,0.0009368421132750213,0.002224808902279884,1.0531501364036087,2.1140150048808067e-09,1.878546763555851e-09,1.5819196923487164e-09,5.806316310624396e-10,-1.5476270839653325e-10,-1.1289639794720518e-10,8.155715039105162e-11,-5.280636141531284e-12,6.957861397393184e-11,25.94727681748177,19.2642777056179,9.716563930802547,0.6291249561623338,8.289463862490683
std,2.4300205760444824e-30,1.232795952946002e-13,0.06167586502343204,0.0,0.0,0.0,1196371.1918506268,5.773670627414924,5.464252312680945,0.1658636412839885,0.0005121168518564357,0.0,3.058006734691813e-05,9.677225654125637e-05,0.12896174566795465,1.931117310859153e-11,2.0944916747277397e-12,5.206226823241264e-11,3.4177530280525084e-11,4.540610470216065e-12,6.85089512333431e-12,2.3394339137956622e-12,1.2589481609025387e-11,3.1906520555133554e-13,0.3907439949991094,3.0129377842694223,0.27872648488875074,1.499886926011229,0.03807027342864928
# success,4.0,4.0,4.0,4.0,4.0,4.0,4.0,4.0,4.0,4.0,4.0,4.0,2.0,3.0,4.0,2.0,2.0,2.0,4.0,4.0,3.0,4.0,2.0,3.0,4.0,4.0,4.0,4.0,4.0
