Legend,Volume/[m^3],Box size/[m],Temperature/[K],Number of wat,Number of K,Number of Cl,Pressure/[Pa],Tot Energy/[kJ],Potential Energy/[kJ],Density/[kg/m^3],Molarity/[mol/l],Molality/[mol/kg],Viscosity shear/[Pa*s],Viscosity bulk/[Pa*s],Thermal conductivity/[W/(m*K)],Self diffusivity YH_cor wat/[m^2/s],Self diffusivity YH_cor K/[m^2/s],Self diffusivity YH_cor Cl/[m^2/s],Onsager watwat/[m^2/s],Onsager watK/[m^2/s],Onsager watCl/[m^2/s],Onsager KK/[m^2/s],Onsager KCl/[m^2/s],Onsager ClCl/[m^2/s],E conduct NEYH_cor /[S/m],E conduct Ons/[S/m],sig ++/[S/m],sig +-/[S/m],sig --/[S/m]
Mean,1.68409e-26,2.5632350399963114e-09,298.16405000000003,500.0,36.0,36.0,-1208529.5789700001,-35119.56854666667,-39102.204481333334,1152.9059499999998,3.54965635225629,3.9966073244490232,0.0009632127966521789,0.00199428606500962,0.9677293420044377,2.104808962882408e-09,1.8537005848380177e-09,1.5551115462788882e-09,5.658243113668664e-10,-1.5605598810088118e-10,-1.1923015817031293e-10,8.212141828695486e-11,-1.4160040939053223e-11,7.033176537150212e-11,25.559068573472416,21.53623035012271,9.783447655587784,1.686941387740422,8.378899919054083
std,2.4300205760444824e-30,1.232795952946002e-13,0.05992836927903381,0.0,0.0,0.0,1131323.1038529659,5.937668237868194,5.668465037460782,0.1658636412839885,0.0005121168518564357,0.0,5.4774547572436925e-05,0.00019800672918908924,0.0822494851826637,1.549640301658166e-11,2.754513388879149e-11,5.202298177601577e-11,2.1797067567642092e-11,2.6849552183417486e-12,1.1335432403063836e-11,1.683463083445274e-12,2.22288132471547e-12,9.58101766401506e-13,0.4414138796511486,0.5777542969466729,0.20057218802743748,0.26482092674900337,0.11416125814244428
# success,4.0,4.0,4.0,4.0,4.0,4.0,4.0,4.0,4.0,4.0,4.0,4.0,3.0,3.0,4.0,3.0,3.0,3.0,4.0,4.0,4.0,4.0,2.0,3.0,4.0,4.0,4.0,4.0,4.0
