Legend,Volume/[m^3],Box size/[m],Temperature/[K],Number of wat,Number of K,Number of Cl,Pressure/[Pa],Tot Energy/[kJ],Potential Energy/[kJ],Density/[kg/m^3],Molarity/[mol/l],Molality/[mol/kg],Viscosity shear/[Pa*s],Viscosity bulk/[Pa*s],Thermal conductivity/[W/(m*K)],Self diffusivity YH_cor wat/[m^2/s],Self diffusivity YH_cor K/[m^2/s],Self diffusivity YH_cor Cl/[m^2/s],Onsager watwat/[m^2/s],Onsager watK/[m^2/s],Onsager watCl/[m^2/s],Onsager KK/[m^2/s],Onsager KCl/[m^2/s],Onsager ClCl/[m^2/s],E conduct NEYH_cor /[S/m],E conduct Ons/[S/m],sig ++/[S/m],sig +-/[S/m],sig --/[S/m]
Mean,1.68409e-26,2.5632350399963114e-09,298.1438823529412,500.0,36.0,36.0,-1260837.188242831,-35120.68120352941,-39103.04686,1152.9059499999998,3.54965635225629,3.9966073244490232,0.0009880480520317494,0.002130272313679317,1.0169016441524144,2.0903077881079715e-09,1.856001461716814e-09,1.5446385677665238e-09,5.652055163690963e-10,-1.5407737942290988e-10,-1.1551518303083723e-10,8.062364277451947e-11,-1.2920650146121348e-11,6.929181924220139e-11,25.499519419382064,20.94001095435112,9.605661487495599,1.5393920099728704,8.255565446909781
std,2.4300205760444824e-30,1.232795952946002e-13,0.06413120471880213,0.0,0.0,0.0,1132051.576232612,6.101873532970676,5.792341633867638,0.1658636412839885,0.0005121168518564357,0.0,4.1697567981712265e-05,0.00010988741382312332,0.15706786729513822,1.5611536552745556e-11,2.555321348885954e-11,4.57644133945458e-11,1.6193144494371372e-11,8.201884405611181e-13,7.891513103986023e-12,3.0662915812705375e-12,2.0623453259415284e-12,2.704670927499693e-12,0.3930877435872951,0.6919733137312507,0.36533256241816453,0.24571225601445768,0.32224697951680004
# success,4.0,4.0,4.0,4.0,4.0,4.0,4.0,4.0,4.0,4.0,4.0,4.0,3.0,4.0,4.0,3.0,3.0,3.0,4.0,4.0,4.0,4.0,2.0,4.0,4.0,4.0,4.0,4.0,4.0
