Legend,Volume/[m^3],Box size/[m],Temperature/[K],Number of wat,Number of K,Number of Cl,Pressure/[Pa],Tot Energy/[kJ],Potential Energy/[kJ],Density/[kg/m^3],Molarity/[mol/l],Molality/[mol/kg],Viscosity shear/[Pa*s],Viscosity bulk/[Pa*s],Thermal conductivity/[W/(m*K)],Self diffusivity YH_cor wat/[m^2/s],Self diffusivity YH_cor K/[m^2/s],Self diffusivity YH_cor Cl/[m^2/s],Onsager watwat/[m^2/s],Onsager watK/[m^2/s],Onsager watCl/[m^2/s],Onsager KK/[m^2/s],Onsager KCl/[m^2/s],Onsager ClCl/[m^2/s],E conduct NEYH_cor /[S/m],E conduct Ons/[S/m],sig ++/[S/m],sig +-/[S/m],sig --/[S/m]
Mean,1.68409e-26,2.5632350399963114e-09,298.15215,500.0,36.0,36.0,-1165019.6240189062,-35119.690057,-39102.165082,1152.9059499999998,3.54965635225629,3.9966073244490232,0.0010095801901414693,0.002301668401816194,0.9972331072125403,2.098824662023096e-09,1.871974523324695e-09,1.5877234339663175e-09,5.698125857419131e-10,-1.559768593823415e-10,-1.1264251041300806e-10,8.13173911806434e-11,-1.1254889919707918e-11,6.834392039673403e-11,25.941642795836902,20.51223816539158,9.688047401916952,1.3408928331611643,8.142405097152299
std,2.4300205760444824e-30,1.232795952946002e-13,0.06381429111100219,0.0,0.0,0.0,1186761.0130875113,5.973716050639593,5.703084813007326,0.1658636412839885,0.0005121168518564357,0.0,6.561644520924366e-05,0.0001929951213086002,0.032009999159490134,1.307670164186962e-11,2.8463171221906434e-11,4.7416375427860914e-11,2.5861822315848852e-11,3.196814262351976e-12,7.06510721220562e-12,1.74328573089755e-12,2.649735266766725e-12,2.4331461170069446e-12,0.4147320971746232,0.7251388652476805,0.20770783193406947,0.31568617640074936,0.2898894586403902
# success,4.0,4.0,4.0,4.0,4.0,4.0,4.0,4.0,4.0,4.0,4.0,4.0,4.0,4.0,4.0,4.0,4.0,4.0,4.0,4.0,4.0,4.0,3.0,4.0,4.0,4.0,4.0,4.0,4.0
