Legend,Volume/[m^3],Box size/[m],Temperature/[K],Number of wat,Number of K,Number of Cl,Pressure/[Pa],Tot Energy/[kJ],Potential Energy/[kJ],Density/[kg/m^3],Molarity/[mol/l],Molality/[mol/kg],Viscosity shear/[Pa*s],Viscosity bulk/[Pa*s],Thermal conductivity/[W/(m*K)],Self diffusivity YH_cor wat/[m^2/s],Self diffusivity YH_cor K/[m^2/s],Self diffusivity YH_cor Cl/[m^2/s],Onsager watwat/[m^2/s],Onsager watK/[m^2/s],Onsager watCl/[m^2/s],Onsager KK/[m^2/s],Onsager KCl/[m^2/s],Onsager ClCl/[m^2/s],E conduct NEYH_cor /[S/m],E conduct Ons/[S/m],sig ++/[S/m],sig +-/[S/m],sig --/[S/m]
Mean,1.68409e-26,2.5632350399963114e-09,298.15005833333333,500.0,36.0,36.0,-993958.9852959374,-35120.448930000006,-39102.897630666674,1152.9059499999998,3.54965635225629,3.9966073244490232,0.0010261112678272663,0.0023261475471222075,0.9656519805125944,2.095766161610242e-09,1.8426559497706698e-09,1.5776396227500717e-09,5.467812895579548e-10,-1.5326150397379356e-10,-1.0915114680534331e-10,8.023284323457191e-11,-1.2438671351578485e-11,6.586064201124305e-11,25.646374210762172,20.369383249089584,9.558902840997483,1.4819373977962702,7.846605612499562
std,2.4300205760444824e-30,1.232795952946002e-13,0.06039439417050318,0.0,0.0,0.0,1304762.1833823551,5.6799881581050835,5.41913295461358,0.1658636412839885,0.0005121168518564357,0.0,6.008003913185763e-05,0.00021969425492384027,0.05497930785467131,1.2773500290147185e-11,4.012095647578754e-11,3.1538902966283635e-11,2.468468053460846e-11,4.660281270305381e-12,1.0495665402753467e-11,3.3133580210532022e-12,3.768457134822829e-12,3.401413615711518e-12,0.38271542246512924,1.0613107829249837,0.3947590595251338,0.44897234470611475,0.40524750151901107
# success,4.0,4.0,4.0,4.0,4.0,4.0,4.0,4.0,4.0,4.0,4.0,4.0,4.0,3.0,4.0,4.0,4.0,4.0,4.0,4.0,4.0,4.0,4.0,4.0,4.0,4.0,4.0,4.0,4.0
