Legend,Volume/[m^3],Box size/[m],Temperature/[K],Number of wat,Number of K,Number of Cl,Pressure/[Pa],Tot Energy/[kJ],Potential Energy/[kJ],Density/[kg/m^3],Molarity/[mol/l],Molality/[mol/kg],Viscosity shear/[Pa*s],Viscosity bulk/[Pa*s],Thermal conductivity/[W/(m*K)],Self diffusivity YH_cor wat/[m^2/s],Self diffusivity YH_cor K/[m^2/s],Self diffusivity YH_cor Cl/[m^2/s],Onsager watwat/[m^2/s],Onsager watK/[m^2/s],Onsager watCl/[m^2/s],Onsager KK/[m^2/s],Onsager KCl/[m^2/s],Onsager ClCl/[m^2/s],E conduct NEYH_cor /[S/m],E conduct Ons/[S/m],sig ++/[S/m],sig +-/[S/m],sig --/[S/m]
Mean,1.68409e-26,2.5632350399963114e-09,298.13881000000003,500.0,36.0,36.0,-800949.9257529001,-35121.2928428,-39103.591616800004,1152.9059499999998,3.54965635225629,3.9966073244490232,0.001015292694093018,0.0024550896392071695,0.9654191223516488,2.0961142115245725e-09,1.8416158389066717e-09,1.5794156576715548e-09,5.320436217448736e-10,-1.4884158142429488e-10,-1.0707034481727194e-10,7.82765442035218e-11,-1.3497158279534695e-11,6.670697939069638e-11,25.652860191781066,20.490131237862993,9.32618215315972,1.6081056968698548,7.947737690963565
std,2.4300205760444824e-30,1.232795952946002e-13,0.05876412681219673,0.0,0.0,0.0,1255691.3964052126,5.79220467025777,5.485712358931499,0.1658636412839885,0.0005121168518564357,0.0,4.435647307589965e-05,0.0002725049691806134,0.05357694233566896,2.151572859323298e-11,5.597135517717247e-11,1.5989951910513184e-11,6.574696575910383e-12,3.2550170881815996e-12,1.0401130441844856e-11,5.160764103116929e-12,2.138604610059942e-12,2.4239988975327044e-12,0.4365413296248296,0.8492348087422736,0.614878402183528,0.25480225336885604,0.28881149864042555
# success,4.0,4.0,4.0,4.0,4.0,4.0,4.0,4.0,4.0,4.0,4.0,4.0,4.0,4.0,4.0,4.0,4.0,4.0,4.0,4.0,4.0,4.0,3.0,4.0,4.0,4.0,4.0,4.0,4.0
