Legend,Volume/[m^3],Box size/[m],Temperature/[K],Number of wat,Number of K,Number of Cl,Pressure/[Pa],Tot Energy/[kJ],Potential Energy/[kJ],Density/[kg/m^3],Molarity/[mol/l],Molality/[mol/kg],Viscosity shear/[Pa*s],Viscosity bulk/[Pa*s],Thermal conductivity/[W/(m*K)],Self diffusivity YH_cor wat/[m^2/s],Self diffusivity YH_cor K/[m^2/s],Self diffusivity YH_cor Cl/[m^2/s],Onsager watwat/[m^2/s],Onsager watK/[m^2/s],Onsager watCl/[m^2/s],Onsager KK/[m^2/s],Onsager KCl/[m^2/s],Onsager ClCl/[m^2/s],E conduct NEYH_cor /[S/m],E conduct Ons/[S/m],sig ++/[S/m],sig +-/[S/m],sig --/[S/m]
Mean,1.68409e-26,2.5632350399963114e-09,298.13722916666666,500.0,36.0,36.0,-794100.34947075,-35121.970337,-39104.24853966666,1152.9059499999998,3.54965635225629,3.9966073244490232,0.0010227193376071114,0.002459929442074914,0.9675296044484649,2.09577219609098e-09,1.8448252765454967e-09,1.5736086412186617e-09,5.130751222816709e-10,-1.4842994603573925e-10,-1.0694945706284134e-10,7.75915199005621e-11,-1.3448373965145668e-11,6.695700672555907e-11,25.633517970659547,20.426787541475633,9.244614621953016,1.6023018334865387,7.977569252549538
std,2.4300205760444824e-30,1.232795952946002e-13,0.05850707711821403,0.0,0.0,0.0,1298665.8508241328,6.161881152991481,5.836710963871443,0.1658636412839885,0.0005121168518564357,0.0,2.326221112641866e-05,3.3453444299072054e-05,0.040256297075165384,2.7187433732443627e-11,2.620041349440283e-11,2.2786184008801044e-11,4.1099082189803324e-11,6.93307524108489e-12,1.2356900315576689e-11,5.603093337189909e-12,1.0451032355609038e-12,2.2988660893962934e-12,0.26044763644096197,0.7633644172342096,0.667582402485517,0.12451907276374062,0.27390449267731626
# success,4.0,4.0,4.0,4.0,4.0,4.0,4.0,4.0,4.0,4.0,4.0,4.0,4.0,2.0,4.0,4.0,4.0,4.0,4.0,4.0,4.0,4.0,3.0,4.0,4.0,4.0,4.0,4.0,4.0
