Legend,Volume/[m^3],Box size/[m],Temperature/[K],Number of wat,Number of K,Number of Cl,Pressure/[Pa],Tot Energy/[kJ],Potential Energy/[kJ],Density/[kg/m^3],Molarity/[mol/l],Molality/[mol/kg],Viscosity shear/[Pa*s],Viscosity bulk/[Pa*s],Thermal conductivity/[W/(m*K)],Self diffusivity YH_cor wat/[m^2/s],Self diffusivity YH_cor K/[m^2/s],Self diffusivity YH_cor Cl/[m^2/s],Onsager watwat/[m^2/s],Onsager watK/[m^2/s],Onsager watCl/[m^2/s],Onsager KK/[m^2/s],Onsager KCl/[m^2/s],Onsager ClCl/[m^2/s],E conduct NEYH_cor /[S/m],E conduct Ons/[S/m],sig ++/[S/m],sig +-/[S/m],sig --/[S/m]
Mean,1.68409e-26,2.5632350399963114e-09,298.1398035714285,500.0,36.0,36.0,-845780.9104541251,-35121.62702485715,-39103.93984514285,1152.9059499999998,3.54965635225629,3.9966073244490232,0.001020827402413424,0.0025056610711705336,0.9614568291948804,2.097499587428319e-09,1.8306753731244971e-09,1.5632798995409197e-09,5.12305226516809e-10,-1.4394706457310455e-10,-1.0612589740142455e-10,7.831920036340964e-11,-8.555684009216174e-12,6.697186717402076e-11,25.449742291163172,19.34921455757725,9.331233282448075,1.0193551901763966,7.97927089477638
std,2.4300205760444824e-30,1.232795952946002e-13,0.059647000818420226,0.0,0.0,0.0,1301948.8075690342,6.178502412096955,5.830553744516344,0.1658636412839885,0.0005121168518564357,0.0,2.743984084892312e-05,0.00013076133118630892,0.04735333961504198,1.6306565924324307e-11,1.8221546620147894e-11,1.5075437430009635e-11,2.7666335830106664e-11,8.547876594773922e-12,1.1336067385614367e-11,4.909946879931843e-12,8.243378604678053e-12,2.85168084432618e-12,0.1774471946693419,2.07752601152315,0.5849933883076535,0.9821460249812228,0.33976528848103815
# success,4.0,4.0,4.0,4.0,4.0,4.0,4.0,4.0,4.0,4.0,4.0,4.0,4.0,3.0,4.0,4.0,4.0,4.0,4.0,4.0,4.0,3.0,4.0,4.0,4.0,4.0,4.0,4.0,4.0
