Legend,Volume/[m^3],Box size/[m],Temperature/[K],Number of wat,Number of K,Number of Cl,Pressure/[Pa],Tot Energy/[kJ],Potential Energy/[kJ],Density/[kg/m^3],Molarity/[mol/l],Molality/[mol/kg],Viscosity shear/[Pa*s],Viscosity bulk/[Pa*s],Thermal conductivity/[W/(m*K)],Self diffusivity YH_cor wat/[m^2/s],Self diffusivity YH_cor K/[m^2/s],Self diffusivity YH_cor Cl/[m^2/s],Onsager watwat/[m^2/s],Onsager watK/[m^2/s],Onsager watCl/[m^2/s],Onsager KK/[m^2/s],Onsager KCl/[m^2/s],Onsager ClCl/[m^2/s],E conduct NEYH_cor /[S/m],E conduct Ons/[S/m],sig ++/[S/m],sig +-/[S/m],sig --/[S/m]
Mean,1.68409e-26,2.5632350399963114e-09,298.1414375,500.0,36.0,36.0,-833800.7351062265,-35121.94117975001,-39104.27604075,1152.9059499999998,3.54965635225629,3.9966073244490232,0.001024356907018533,0.0025538683834212,0.9658233583059602,2.0906426026989097e-09,1.8307925416181441e-09,1.5519696601022297e-09,5.149788876104396e-10,-1.4196563597248758e-10,-1.0229628394269556e-10,7.888823719445165e-11,-1.3128344721438145e-11,6.634642557527423e-11,25.365671478090235,20.43198904159464,9.39897888185937,1.5641499820361748,7.904710195662921
std,2.4300205760444824e-30,1.232795952946002e-13,0.05896973833299967,0.0,0.0,0.0,1297341.9309169154,6.0137825930753905,5.687245408059996,0.1658636412839885,0.0005121168518564357,0.0,2.997720618513308e-05,0.00020594605904263776,0.0365979416419744,1.6845575282799755e-11,1.6003101044400428e-11,2.0709550377500107e-11,2.113195161579961e-11,8.242583459824707e-12,1.3908936031736988e-11,3.404914516506716e-12,5.127727993992704e-12,2.2364698615733473e-12,0.1963507978932865,1.3147435149532365,0.4056781548193804,0.6109328628680774,0.26646668978800414
# success,4.0,4.0,4.0,4.0,4.0,4.0,4.0,4.0,4.0,4.0,4.0,4.0,4.0,3.0,4.0,4.0,4.0,4.0,4.0,4.0,4.0,3.0,4.0,4.0,4.0,4.0,4.0,4.0,4.0
