Legend,Volume/[m^3],Box size/[m],Temperature/[K],Number of wat,Number of K,Number of Cl,Pressure/[Pa],Tot Energy/[kJ],Potential Energy/[kJ],Density/[kg/m^3],Molarity/[mol/l],Molality/[mol/kg],Viscosity shear/[Pa*s],Viscosity bulk/[Pa*s],Thermal conductivity/[W/(m*K)],Self diffusivity YH_cor wat/[m^2/s],Self diffusivity YH_cor K/[m^2/s],Self diffusivity YH_cor Cl/[m^2/s],Onsager watwat/[m^2/s],Onsager watK/[m^2/s],Onsager watCl/[m^2/s],Onsager KK/[m^2/s],Onsager KCl/[m^2/s],Onsager ClCl/[m^2/s],E conduct NEYH_cor /[S/m],E conduct Ons/[S/m],sig ++/[S/m],sig +-/[S/m],sig --/[S/m]
Mean,1.68409e-26,2.5632350399963114e-09,298.14192777777777,500.0,36.0,36.0,-823092.5351333125,-35122.03652555555,-39104.377604444446,1152.9059499999998,3.54965635225629,3.9966073244490232,0.001020499968670434,0.0025150750833806,0.9600389928388505,2.092085621484334e-09,1.8306803356397097e-09,1.56169940518332e-09,5.130854381148352e-10,-1.425230820228128e-10,-9.797852507162841e-11,7.561199490762885e-11,-1.1719394096558504e-11,6.529763707301991e-11,25.437746846784677,19.580926703781564,9.008622830980642,1.3962811238149815,7.779741625170962
std,2.4300205760444824e-30,1.232795952946002e-13,0.05875351329132599,0.0,0.0,0.0,1295216.4380675196,6.116825331279246,5.779190403588103,0.1658636412839885,0.0005121168518564357,0.0,3.725286731840329e-05,0.0001937304758627524,0.03738485075572168,1.927090329541456e-11,3.0074693739737826e-11,2.0313643312396958e-11,1.4222535515091654e-11,6.897562165139424e-12,1.570549575724911e-11,5.749647453978895e-12,2.8852919149417124e-12,3.5979121444792467e-12,0.27220861789480466,1.0610041439747222,0.6850324816162806,0.34376185209155663,0.42866944539906754
# success,4.0,4.0,4.0,4.0,4.0,4.0,4.0,4.0,4.0,4.0,4.0,4.0,4.0,3.0,4.0,4.0,4.0,4.0,4.0,4.0,4.0,4.0,4.0,4.0,4.0,4.0,4.0,4.0,4.0
