Legend,Volume/[m^3],Box size/[m],Temperature/[K],Number of wat,Number of K,Number of Cl,Pressure/[Pa],Tot Energy/[kJ],Potential Energy/[kJ],Density/[kg/m^3],Molarity/[mol/l],Molality/[mol/kg],Viscosity shear/[Pa*s],Viscosity bulk/[Pa*s],Thermal conductivity/[W/(m*K)],Self diffusivity YH_cor wat/[m^2/s],Self diffusivity YH_cor K/[m^2/s],Self diffusivity YH_cor Cl/[m^2/s],Onsager watwat/[m^2/s],Onsager watK/[m^2/s],Onsager watCl/[m^2/s],Onsager KK/[m^2/s],Onsager KCl/[m^2/s],Onsager ClCl/[m^2/s],E conduct NEYH_cor /[S/m],E conduct Ons/[S/m],sig ++/[S/m],sig +-/[S/m],sig --/[S/m]
Mean,1.68409e-26,2.5632350399963114e-09,298.14231750000005,500.0,36.0,36.0,-817347.5595110437,-35122.12294840001,-39104.469524600005,1152.9059499999998,3.54965635225629,3.9966073244490232,0.0010248702481380875,0.002451017750555778,0.9589732886421012,2.0911350549098566e-09,1.8266043185906427e-09,1.551428592496896e-09,5.084036183496076e-10,-1.3726049600974907e-10,-1.0024715572380902e-10,7.415625837395909e-11,-1.1638200971070226e-11,6.513166938937887e-11,25.330134086673763,19.368339898371246,8.835170792881977,1.3866057370742264,7.759957631340818
std,2.4300205760444824e-30,1.232795952946002e-13,0.05878386391051498,0.0,0.0,0.0,1272061.2986121539,6.139589186132961,5.821618065151941,0.1658636412839885,0.0005121168518564357,0.0,3.2111358102057615e-05,0.00011377818458190573,0.033372926928011144,2.079091429070948e-11,2.8744557152331798e-11,2.325906709865642e-11,1.4785953664135318e-11,7.450200364747479e-12,1.604932134964283e-11,6.123632317084523e-12,2.125274995680111e-12,3.293496651082318e-12,0.277334029343659,0.9709556596292275,0.7295887818011855,0.25321105442838343,0.3924003950612358
# success,4.0,4.0,4.0,4.0,4.0,4.0,4.0,4.0,4.0,4.0,4.0,4.0,4.0,4.0,4.0,4.0,4.0,4.0,4.0,4.0,4.0,4.0,4.0,4.0,4.0,4.0,4.0,4.0,4.0
