Legend,Volume/[m^3],Box size/[m],Temperature/[K],Number of wat,Number of K,Number of Cl,Pressure/[Pa],Tot Energy/[kJ],Potential Energy/[kJ],Density/[kg/m^3],Molarity/[mol/l],Molality/[mol/kg],Viscosity shear/[Pa*s],Viscosity bulk/[Pa*s],Thermal conductivity/[W/(m*K)],Self diffusivity YH_cor wat/[m^2/s],Self diffusivity YH_cor K/[m^2/s],Self diffusivity YH_cor Cl/[m^2/s],Onsager watwat/[m^2/s],Onsager watK/[m^2/s],Onsager watCl/[m^2/s],Onsager KK/[m^2/s],Onsager KCl/[m^2/s],Onsager ClCl/[m^2/s],E conduct NEYH_cor /[S/m],E conduct Ons/[S/m],sig ++/[S/m],sig +-/[S/m],sig --/[S/m]
Mean,1.68409e-26,2.5632350399963114e-09,298.14306000000005,500.0,36.0,36.0,-790099.698403785,-35122.479634400006,-39104.836356800006,1152.9059499999998,3.54965635225629,3.9966073244490232,0.0010316411798522843,0.0023298883558348733,0.9441294609689423,2.0815507911143902e-09,1.8122307582069054e-09,1.5424750948014047e-09,4.959036973225076e-10,-1.3995228344382593e-10,-1.0189288517225217e-10,7.535083517253093e-11,-1.2597003547215633e-11,6.295531506002366e-11,25.15515381029609,19.479788338680656,8.977473442843294,1.5008362488032212,7.500642398230918
std,2.4300205760444824e-30,1.232795952946002e-13,0.058567906570065824,0.0,0.0,0.0,1262468.7760012439,6.000747123489087,5.700264063042858,0.1658636412839885,0.0005121168518564357,0.0,4.874692748192948e-05,0.0001468649997162904,0.03804349270888828,1.762999627844205e-11,3.07291848973456e-11,2.5141249128073257e-11,1.962923923619816e-11,6.125057665021923e-12,6.601779150580555e-12,5.7233301530060645e-12,2.941767305964606e-12,4.3587960055704084e-12,0.2977782913355391,1.1072750375641467,0.6818943530862349,0.3504891775763949,0.5193202938724637
# success,4.0,4.0,4.0,4.0,4.0,4.0,4.0,4.0,4.0,4.0,4.0,4.0,4.0,4.0,4.0,4.0,4.0,4.0,4.0,4.0,4.0,4.0,4.0,4.0,4.0,4.0,4.0,4.0,4.0
