Legend,Volume/[m^3],Box size/[m],Temperature/[K],Number of wat,Number of K,Number of Cl,Pressure/[Pa],Tot Energy/[kJ],Potential Energy/[kJ],Density/[kg/m^3],Molarity/[mol/l],Molality/[mol/kg],Viscosity shear/[Pa*s],Viscosity bulk/[Pa*s],Thermal conductivity/[W/(m*K)],Self diffusivity YH_cor wat/[m^2/s],Self diffusivity YH_cor K/[m^2/s],Self diffusivity YH_cor Cl/[m^2/s],Onsager watwat/[m^2/s],Onsager watK/[m^2/s],Onsager watCl/[m^2/s],Onsager KK/[m^2/s],Onsager KCl/[m^2/s],Onsager ClCl/[m^2/s],E conduct NEYH_cor /[S/m],E conduct Ons/[S/m],sig ++/[S/m],sig +-/[S/m],sig --/[S/m]
Mean,1.68409e-26,2.5632350399963114e-09,298.14263500000004,500.0,36.0,36.0,-798749.1364008625,-35122.8352744,-39105.18627866667,1152.9059499999998,3.54965635225629,3.9966073244490232,0.0010069380673283766,0.002331163899223351,0.928652404922653,2.0857777787967436e-09,1.8257917101464733e-09,1.5410917193000153e-09,5.012448058943336e-10,-1.427205797484755e-10,-1.0595598479323944e-10,7.478266244386431e-11,-1.1771891923203119e-11,6.198324950175133e-11,25.24650296371624,19.09969657060983,8.90979272565765,1.4025325335710712,7.3848387778100335
std,2.4300205760444824e-30,1.232795952946002e-13,0.05948593370145019,0.0,0.0,0.0,1258183.8372445018,6.066437935332397,5.748254673397618,0.1658636412839885,0.0005121168518564357,0.0,2.3271853928593314e-05,6.483744228876962e-05,0.021323401180815736,1.5545421610552573e-11,2.346708752662556e-11,2.3216172993564557e-11,2.3906772067188972e-11,6.578170239926277e-12,3.9710580027451115e-12,4.872234514401372e-12,3.3752277139218926e-12,3.93057794091449e-12,0.2476067736063186,1.0968767841198903,0.5804943049290983,0.40213318755476296,0.4683023792605412
# success,4.0,4.0,4.0,4.0,4.0,4.0,4.0,4.0,4.0,4.0,4.0,4.0,4.0,4.0,4.0,4.0,4.0,4.0,4.0,4.0,3.0,4.0,4.0,4.0,4.0,4.0,4.0,4.0,4.0
