Legend,Volume/[m^3],Box size/[m],Temperature/[K],Number of wat,Number of K,Number of Cl,Pressure/[Pa],Tot Energy/[kJ],Potential Energy/[kJ],Density/[kg/m^3],Molarity/[mol/l],Molality/[mol/kg],Viscosity shear/[Pa*s],Viscosity bulk/[Pa*s],Thermal conductivity/[W/(m*K)],Self diffusivity YH_cor wat/[m^2/s],Self diffusivity YH_cor K/[m^2/s],Self diffusivity YH_cor Cl/[m^2/s],Onsager watwat/[m^2/s],Onsager watK/[m^2/s],Onsager watCl/[m^2/s],Onsager KK/[m^2/s],Onsager KCl/[m^2/s],Onsager ClCl/[m^2/s],E conduct NEYH_cor /[S/m],E conduct Ons/[S/m],sig ++/[S/m],sig +-/[S/m],sig --/[S/m]
Mean,1.68409e-26,2.5632350399963114e-09,298.14447714285717,500.0,36.0,36.0,-850525.069181025,-35122.556201600004,-39104.93157268571,1152.9059499999998,3.54965635225629,3.9966073244490232,0.0009892057372741761,0.002304881788017122,0.9436961630882801,2.0936170373283234e-09,1.8457593070088976e-09,1.53810786563095e-09,5.090788565211692e-10,-1.4305250164194194e-10,-1.0644234400090154e-10,7.648185177533772e-11,-1.2535478945922412e-11,6.152215396517692e-11,25.373698419446416,19.429037424035542,9.112182074451251,1.4934989660191302,7.329857417546029
std,2.4300205760444824e-30,1.232795952946002e-13,0.059787311635940636,0.0,0.0,0.0,1231693.1193997436,6.124461025197114,5.803137230541798,0.1658636412839885,0.0005121168518564357,0.0,3.950371220396126e-05,0.00010244214361255911,0.03300778564234971,1.0819560646020317e-11,1.1707080816113699e-11,3.282394579288399e-11,2.4755989262023655e-11,3.822124324236926e-12,3.0822420403416344e-12,2.7303867303162003e-12,4.27511489814742e-12,3.944900043599745e-12,0.26138958267187773,1.1681076016058989,0.32531085699738205,0.5093448270124821,0.4700058043492926
# success,4.0,4.0,4.0,4.0,4.0,4.0,4.0,4.0,4.0,4.0,4.0,4.0,4.0,4.0,4.0,4.0,4.0,4.0,4.0,4.0,3.0,4.0,4.0,4.0,4.0,4.0,4.0,4.0,4.0
