Legend,Volume/[m^3],Box size/[m],Temperature/[K],Number of wat,Number of K,Number of Cl,Pressure/[Pa],Tot Energy/[kJ],Potential Energy/[kJ],Density/[kg/m^3],Molarity/[mol/l],Molality/[mol/kg],Viscosity shear/[Pa*s],Viscosity bulk/[Pa*s],Thermal conductivity/[W/(m*K)],Self diffusivity YH_cor wat/[m^2/s],Self diffusivity YH_cor K/[m^2/s],Self diffusivity YH_cor Cl/[m^2/s],Onsager watwat/[m^2/s],Onsager watK/[m^2/s],Onsager watCl/[m^2/s],Onsager KK/[m^2/s],Onsager KCl/[m^2/s],Onsager ClCl/[m^2/s],E conduct NEYH_cor /[S/m],E conduct Ons/[S/m],sig ++/[S/m],sig +-/[S/m],sig --/[S/m]
Mean,1.68409e-26,2.5632350399963114e-09,298.14331,500.0,36.0,36.0,-787207.2466663781,-35122.5854896,-39104.9449316,1152.9059499999998,3.54965635225629,3.9966073244490232,0.000991425755319887,0.0022791442237661092,0.9608733838710858,2.0920836754230388e-09,1.8366527010807984e-09,1.5433023979910955e-09,5.120543809201938e-10,-1.4510938532437749e-10,-1.0369984029123157e-10,7.690560799326186e-11,-1.2328575812788457e-11,6.131966918449792e-11,25.34446321689456,19.406174455670488,9.16270500324264,1.4688539136520493,7.305761625123748
std,2.4300205760444824e-30,1.232795952946002e-13,0.05941061560760851,0.0,0.0,0.0,1233031.4212191089,6.10068728436326,5.788678137907081,0.1658636412839885,0.0005121168518564357,0.0,2.0025927521351704e-05,0.00011133266662824093,0.032486584390045,6.915699614193803e-12,8.236931884480699e-12,3.1379200334019004e-11,2.2672178204158122e-11,1.5880034866618329e-12,2.0274907708319632e-12,2.8673949462068025e-12,3.449005068915114e-12,4.1027466298691685e-12,0.24334705542580173,1.01542891737923,0.34163524195490497,0.4109222857234386,0.4888136534569126
# success,4.0,4.0,4.0,4.0,4.0,4.0,4.0,4.0,4.0,4.0,4.0,4.0,4.0,4.0,4.0,4.0,4.0,4.0,4.0,4.0,3.0,4.0,4.0,4.0,4.0,4.0,4.0,4.0,4.0
