Legend,Volume/[m^3],Box size/[m],Temperature/[K],Number of wat,Number of K,Number of Cl,Pressure/[Pa],Tot Energy/[kJ],Potential Energy/[kJ],Density/[kg/m^3],Molarity/[mol/l],Molality/[mol/kg],Viscosity shear/[Pa*s],Viscosity bulk/[Pa*s],Thermal conductivity/[W/(m*K)],Self diffusivity YH_cor wat/[m^2/s],Self diffusivity YH_cor K/[m^2/s],Self diffusivity YH_cor Cl/[m^2/s],Onsager watwat/[m^2/s],Onsager watK/[m^2/s],Onsager watCl/[m^2/s],Onsager KK/[m^2/s],Onsager KCl/[m^2/s],Onsager ClCl/[m^2/s],E conduct NEYH_cor /[S/m],E conduct Ons/[S/m],sig ++/[S/m],sig +-/[S/m],sig --/[S/m]
Mean,1.68409e-26,2.5632350399963114e-09,298.144502,500.0,36.0,36.0,-811880.3413827748,-35122.43641368,-39104.812089600004,1152.9059499999998,3.54965635225629,3.9966073244490232,0.0009577593353209519,0.0023897315260689236,0.9658178316766145,2.100400403219474e-09,1.8483232821441243e-09,1.558604409521809e-09,5.224550524616218e-10,-1.4569628186313995e-10,-9.794059004399133e-11,7.923087650884161e-11,-1.253541874903397e-11,6.140002390934638e-11,25.54661402695602,19.741994277233843,9.439704919741347,1.4934916695395768,7.315306018413343
std,2.4300205760444824e-30,1.232795952946002e-13,0.059817089698513605,0.0,0.0,0.0,1236191.796269066,6.182481537706219,5.876238934972087,0.1658636412839885,0.0005121168518564357,0.0,7.377240512820042e-05,0.00014978757283989083,0.043401544982634786,1.7453391372535867e-11,1.5337647005287113e-11,3.072872405384175e-11,1.595188892775968e-11,3.2286731644688038e-12,9.67703407524443e-12,1.0877867557027601e-12,2.8782641750318685e-12,2.935767383551479e-12,0.2576021501955349,0.780731282472501,0.12962180674067883,0.3429216162653758,0.34977712221846824
# success,4.0,4.0,4.0,4.0,4.0,4.0,4.0,4.0,4.0,4.0,4.0,4.0,4.0,4.0,4.0,4.0,4.0,4.0,4.0,4.0,4.0,4.0,3.0,4.0,4.0,4.0,4.0,4.0,4.0
