Legend,Volume/[m^3],Box size/[m],Temperature/[K],Number of wat,Number of K,Number of Cl,Pressure/[Pa],Tot Energy/[kJ],Potential Energy/[kJ],Density/[kg/m^3],Molarity/[mol/l],Molality/[mol/kg],Viscosity shear/[Pa*s],Viscosity bulk/[Pa*s],Thermal conductivity/[W/(m*K)],Self diffusivity YH_cor wat/[m^2/s],Self diffusivity YH_cor K/[m^2/s],Self diffusivity YH_cor Cl/[m^2/s],Onsager watwat/[m^2/s],Onsager watK/[m^2/s],Onsager watCl/[m^2/s],Onsager KK/[m^2/s],Onsager KCl/[m^2/s],Onsager ClCl/[m^2/s],E conduct NEYH_cor /[S/m],E conduct Ons/[S/m],sig ++/[S/m],sig +-/[S/m],sig --/[S/m]
Mean,1.68409e-26,2.5632350399963114e-09,298.1442125,500.0,36.0,36.0,-834509.8299693749,-35122.43137893334,-39104.80312886667,1152.9059499999998,3.54965635225629,3.9966073244490232,0.0009474611158717002,0.0026059768570503247,0.9551484397387754,2.097349477730656e-09,1.8495276887822443e-09,1.5610714355979982e-09,5.10293522993012e-10,-1.4597891059616765e-10,-9.499378672270861e-11,7.722645962990907e-11,-1.2471938338287776e-11,6.129410299512894e-11,25.574168846447655,19.475457526001843,9.200904128332601,1.4859299454486306,7.302693506771981
std,2.4300205760444824e-30,1.232795952946002e-13,0.0599337268190182,0.0,0.0,0.0,1252046.7587735443,6.293142188000511,5.988704914182982,0.1658636412839885,0.0005121168518564357,0.0,7.540103097155538e-05,0.00038314831253200905,0.0307379366931613,1.917714640913649e-11,1.5170346433438993e-11,1.7085245530011852e-11,2.2301700610196897e-11,5.323146085254263e-12,6.191593415830361e-12,2.7624020508663525e-12,1.5429476127088187e-12,2.904635897286085e-12,0.17144344809282827,0.6027231230306004,0.329125596364466,0.18383001791616094,0.346068444549094
# success,4.0,4.0,4.0,4.0,4.0,4.0,4.0,4.0,4.0,4.0,4.0,4.0,4.0,4.0,4.0,4.0,4.0,4.0,4.0,4.0,4.0,4.0,3.0,4.0,4.0,4.0,4.0,4.0,4.0
