Legend,Volume/[m^3],Box size/[m],Temperature/[K],Number of wat,Number of K,Number of Cl,Pressure/[Pa],Tot Energy/[kJ],Potential Energy/[kJ],Density/[kg/m^3],Molarity/[mol/l],Molality/[mol/kg],Viscosity shear/[Pa*s],Viscosity bulk/[Pa*s],Thermal conductivity/[W/(m*K)],Self diffusivity YH_cor wat/[m^2/s],Self diffusivity YH_cor K/[m^2/s],Self diffusivity YH_cor Cl/[m^2/s],Onsager watwat/[m^2/s],Onsager watK/[m^2/s],Onsager watCl/[m^2/s],Onsager KK/[m^2/s],Onsager KCl/[m^2/s],Onsager ClCl/[m^2/s],E conduct NEYH_cor /[S/m],E conduct Ons/[S/m],sig ++/[S/m],sig +-/[S/m],sig --/[S/m]
Mean,1.7654900000000003e-26,2.603884723153811e-09,298.150545,555.0,20.0,20.0,-777372.5478157467,-30643.053698293337,-34915.548826800004,1080.7575,1.8811084514726442,2.0003039661907023,0.0009188450192910789,0.0020881366556961193,0.9954536907543217,2.274937054366127e-09,2.027188067501565e-09,1.7254436689598355e-09,3.853438570348994e-10,-1.1203433107706259e-10,-7.966719254076527e-11,5.3655091881593725e-11,-3.376578273869225e-12,4.212993418868964e-11,26.509563575508295,20.839972695645592,11.276246055015603,0.7096274762550699,8.85409916437492
std,1.5513435037629656e-30,7.626814959411532e-14,0.06744365723327879,0.0,0.0,0.0,1293037.230384171,7.613459661740694,7.249005969333567,0.0958568029231363,0.0001652937933924886,0.0,1.2652501498294992e-05,0.00021704297973377124,0.0060676685440202265,9.071245016667097e-12,4.287956264770492e-11,5.442825181404405e-12,2.3507480300069966e-11,5.39649658954954e-12,4.469026668487869e-12,2.1852812274061113e-12,5.161074765505033e-13,9.637373877977225e-14,0.3054106136078917,0.4723586344944999,0.459270599838571,0.10846616839578913,0.02036772189715299
# success,3.0,3.0,3.0,3.0,3.0,3.0,3.0,3.0,3.0,3.0,3.0,3.0,3.0,3.0,3.0,3.0,3.0,3.0,3.0,3.0,3.0,3.0,3.0,3.0,3.0,3.0,3.0,3.0,3.0
