Legend,Volume/[m^3],Box size/[m],Temperature/[K],Number of wat,Number of K,Number of Cl,Pressure/[Pa],Tot Energy/[kJ],Potential Energy/[kJ],Density/[kg/m^3],Molarity/[mol/l],Molality/[mol/kg],Viscosity shear/[Pa*s],Viscosity bulk/[Pa*s],Thermal conductivity/[W/(m*K)],Self diffusivity wat/[m^2/s],Self diffusivity K/[m^2/s],Self diffusivity Cl/[m^2/s],Self diffusivity YH_cor wat/[m^2/s],Self diffusivity YH_cor K/[m^2/s],Self diffusivity YH_cor Cl/[m^2/s],Onsager watwat/[m^2/s],Onsager watK/[m^2/s],Onsager watCl/[m^2/s],Onsager KK/[m^2/s],Onsager KCl/[m^2/s],Onsager ClCl/[m^2/s],E conduct NE/[S/m],E conduct NEYH_cor /[S/m],E conduct Ons/[S/m],sig ++/[S/m],sig +-/[S/m],sig --/[S/m]
Mean,3.18052e-26,3.1683467769546658e-09,298.1562509195789,1000.0,36.0,36.0,-246069.82548827087,-55193.9194773273,-62894.958259991625,1080.7554000000002,1.879548241277071,1.9983036622245116,0.0009017148117968521,0.0021129284901878448,1.021561956533674,2.072319739536313e-09,1.8310055274387167e-09,1.4928939613191873e-09,2.289212762594752e-09,2.0478985504971553e-09,1.7097869843776256e-09,3.502519382614687e-10,-1.0107608977209084e-10,-7.21888377329979e-11,5.0496171745976886e-11,-3.4240796768069206e-12,4.125056201111752e-11,23.46096321137884,26.522740050292988,20.002948724204167,10.613257339708513,0.7196711652604263,8.670020219235226
std,4.699645376693516e-30,1.5605452759586274e-13,0.04544251385575347,0.0,0.0,0.0,966176.3423278392,9.161144066188701,8.86263875633764,0.1603666008452438,0.0002777245767311069,0.0,5.568249590055244e-06,9.881084996055784e-05,0.02248428995134843,5.883792966865125e-12,2.7112944670618484e-11,8.43755425305115e-12,7.130661283276107e-12,2.5842138406111638e-11,7.717493775482597e-12,2.122589024676395e-11,3.99990907679323e-12,3.928710339209077e-12,8.997265247275691e-13,9.399203239486012e-13,1.0587898141648428e-12,0.20048478968962574,0.19044398655958344,0.3526008142388063,0.1891174420878032,0.19755199087117847,0.2225434659837426
# success,3.0,3.0,3.0,3.0,3.0,3.0,3.0,3.0,3.0,3.0,3.0,3.0,3.0,3.0,3.0,3.0,3.0,3.0,3.0,3.0,3.0,3.0,3.0,3.0,3.0,3.0,3.0,3.0,3.0,3.0,3.0,3.0,3.0
