Legend,Volume/[m^3],Box size/[m],Temperature/[K],Number of wat,Number of K,Number of Cl,Pressure/[Pa],Tot Energy/[kJ],Potential Energy/[kJ],Density/[kg/m^3],Molarity/[mol/l],Molality/[mol/kg],Viscosity shear/[Pa*s],Viscosity bulk/[Pa*s],Thermal conductivity/[W/(m*K)],Self diffusivity wat/[m^2/s],Self diffusivity K/[m^2/s],Self diffusivity Cl/[m^2/s],Self diffusivity YH_cor wat/[m^2/s],Self diffusivity YH_cor K/[m^2/s],Self diffusivity YH_cor Cl/[m^2/s],Onsager watwat/[m^2/s],Onsager watK/[m^2/s],Onsager watCl/[m^2/s],Onsager KK/[m^2/s],Onsager KCl/[m^2/s],Onsager ClCl/[m^2/s],E conduct NE/[S/m],E conduct NEYH_cor /[S/m],E conduct Ons/[S/m],sig ++/[S/m],sig +-/[S/m],sig --/[S/m]
Mean,3.3718700000000003e-26,3.2306527061151534e-09,298.1524861714976,1000.0,72.0,72.0,-396007.8441630081,-70163.84234980677,-78132.53569019324,1151.5949,3.5457717241444464,3.9966073244490232,0.0010037098225797647,0.0027184442721684,1.012148720017525,1.89771970058677e-09,1.6147471253123903e-09,1.3693934459537906e-09,2.088892268525899e-09,1.8059196932515198e-09,1.5605660138929201e-09,5.221918768105008e-10,-1.4997013203610235e-10,-1.0522583061815283e-10,7.999039804146606e-11,-1.2213725136347241e-11,6.330084139602071e-11,39.73562248907926,44.82677741860321,32.90019942455787,16.923575750949485,2.584058932162053,13.392564741446325
std,1.3735598518661397e-30,4.386745235008833e-14,0.05037404938885386,0.0,0.0,0.0,1092503.8686451397,10.045017278087343,9.46839084615182,0.04718453136341575,0.00014443665471949345,0.0,2.1530517218832022e-05,0.0001623016082627478,0.01836079039981163,7.590705333779508e-12,4.955917886562241e-11,5.758690231785859e-12,9.190398825108399e-12,5.2816921967020644e-11,9.756991400448798e-12,1.1382813114647311e-11,1.3741217351288375e-12,2.694291157650265e-12,2.8880916939674068e-12,1.2788699309231493e-12,2.9761643902590353e-12,0.6643862270207286,0.7152310016205872,0.9181963216122323,0.6110408998587917,0.27057099970380577,0.6296716712354874
# success,3.0,3.0,3.0,3.0,3.0,3.0,3.0,3.0,3.0,3.0,3.0,3.0,3.0,2.0,3.0,3.0,3.0,3.0,3.0,3.0,3.0,3.0,2.0,3.0,2.0,2.0,3.0,3.0,3.0,3.0,3.0,3.0,3.0
