Legend,Volume/[m^3],Box size/[m],Temperature/[K],Number of wat,Number of K,Number of Cl,Pressure/[Pa],Tot Energy/[kJ],Potential Energy/[kJ],Density/[kg/m^3],Molarity/[mol/l],Molality/[mol/kg],Viscosity shear/[Pa*s],Viscosity bulk/[Pa*s],Self diffusivity wat/[m^2/s],Self diffusivity K/[m^2/s],Self diffusivity Cl/[m^2/s],Self diffusivity YH_cor wat/[m^2/s],Self diffusivity YH_cor K/[m^2/s],Self diffusivity YH_cor Cl/[m^2/s],Onsager watwat/[m^2/s],Onsager watK/[m^2/s],Onsager watCl/[m^2/s],Onsager KK/[m^2/s],Onsager KCl/[m^2/s],Onsager ClCl/[m^2/s],E conduct NE/[S/m],E conduct NEYH_cor /[S/m],E conduct Ons/[S/m],sig ++/[S/m],sig +-/[S/m],sig --/[S/m]
Mean,3.27509e-26,3.199443261761306e-09,297.99973493333334,1000.0,54.0,54.0,-433629.44522667927,-62698.10656218667,-70528.91125434666,1117.5928000000001,2.737912845709704,2.9974554933367674,0.0009667119339074188,0.002240866199143699,1.975854533004327e-09,1.7359084808924403e-09,1.4340241977880825e-09,2.1760936343399933e-09,1.9361475822281063e-09,1.634263299123748e-09,4.901949066338312e-10,-1.3235399553417695e-10,-9.856907036844997e-11,6.526846877418223e-11,-2.8610104385327572e-12,5.661084685958142e-11,32.6093533591765,36.72910495875725,26.32964620057232,13.776584886280661,0.6038896561730382,11.949171658118619
std,1.5121728296298285e-30,4.924195967987485e-14,0.1613620000570353,0.0,0.0,0.0,3077314.4801795622,30.467912933828465,28.96423771690923,0.051537429763887165,0.00012641824174356835,0.0,6.147642822406846e-06,0.0001839610525497902,3.3726082255994445e-12,8.636685752724413e-12,1.525879028307487e-11,3.21700580362852e-12,7.398717027738642e-12,1.64940095254662e-11,3.074865491759155e-12,6.507836086134901e-12,1.380217516072151e-12,3.3423870597861874e-12,4.695685122905614e-12,4.588114495990516e-13,0.18123684758462177,0.18703210308088447,1.2205232127512808,0.7055362673863226,0.9911448737217337,0.09706139965042393
# success,3.0,3.0,3.0,3.0,3.0,3.0,3.0,3.0,3.0,3.0,3.0,3.0,3.0,3.0,3.0,3.0,3.0,3.0,3.0,3.0,3.0,3.0,3.0,3.0,3.0,3.0,3.0,3.0,3.0,3.0,3.0,3.0
