Legend,Volume/[m^3],Box size/[m],Temperature/[K],Number of wat,Number of K,Number of Cl,Pressure/[Pa],Tot Energy/[kJ],Potential Energy/[kJ],Density/[kg/m^3],Molarity/[mol/l],Molality/[mol/kg],Viscosity shear/[Pa*s],Viscosity bulk/[Pa*s],Thermal conductivity/[W/(m*K)],Self diffusivity YH_cor wat/[m^2/s],Self diffusivity YH_cor K/[m^2/s],Self diffusivity YH_cor Cl/[m^2/s],Onsager watwat/[m^2/s],Onsager watK/[m^2/s],Onsager watCl/[m^2/s],Onsager KK/[m^2/s],Onsager KCl/[m^2/s],Onsager ClCl/[m^2/s],E conduct NEYH_cor /[S/m],E conduct Ons/[S/m],sig ++/[S/m],sig +-/[S/m],sig --/[S/m]
Mean,1.8715433333333335e-26,2.655012860017382e-09,298.15113866666667,555.0,40.0,40.0,-631627.2845327235,-38959.29309957334,-43380.537084799995,1151.8051333333333,3.5490261732118262,4.0006079323814046,0.0009897822294075013,0.0025421357863383404,0.998830667579217,2.1015409374870876e-09,1.8144631528535937e-09,1.5710312825686616e-09,5.090584382767602e-10,-1.4151614905205557e-10,-1.0349872802443399e-10,7.528393897265167e-11,-1.1655904351160868e-11,6.627129081925766e-11,45.12147010693906,32.416431009061604,15.928585265340189,2.466157706885673,14.021688036835743
std,5.436502143427914e-31,2.570791548489397e-14,0.06551044340154213,0.0,0.0,0.0,1365142.0424282493,7.603823862796844,7.265392031695375,0.03382763498820868,0.00010309421987983464,0.0,2.489130851228099e-05,0.00023452834329261652,0.03802682826840167,4.199879623151838e-12,1.921212658729757e-11,1.5646560500428445e-11,1.5231574474683035e-11,2.6184341235262296e-12,4.014368946517531e-12,1.9771014803811144e-13,1.5849821068880398e-12,3.1255970611864835e-12,0.3303819494680873,0.742696501146989,0.04198024190671221,0.33535115872395393,0.6613215207173309
# success,3.0,3.0,3.0,3.0,3.0,3.0,3.0,3.0,3.0,3.0,3.0,3.0,3.0,3.0,3.0,3.0,3.0,3.0,3.0,3.0,3.0,3.0,3.0,3.0,3.0,3.0,3.0,3.0,3.0
