Legend,Volume/[m^3],Box size/[m],Temperature/[K],Number of wat,Number of K,Number of Cl,Pressure/[Pa],Tot Energy/[kJ],Potential Energy/[kJ],Density/[kg/m^3],Molarity/[mol/l],Molality/[mol/kg],Viscosity shear/[Pa*s],Viscosity bulk/[Pa*s],Thermal conductivity/[W/(m*K)],Self diffusivity YH_cor wat/[m^2/s],Self diffusivity YH_cor K/[m^2/s],Self diffusivity YH_cor Cl/[m^2/s],Onsager watwat/[m^2/s],Onsager watK/[m^2/s],Onsager watCl/[m^2/s],Onsager KK/[m^2/s],Onsager KCl/[m^2/s],Onsager ClCl/[m^2/s],E conduct NEYH_cor /[S/m],E conduct Ons/[S/m],sig ++/[S/m],sig +-/[S/m],sig --/[S/m]
Mean,1.68401e-26,2.5631944549462074e-09,298.1625,500.0,36.0,36.0,-1590972.52335,-35163.135144,-39145.755040000004,1152.96265,3.5498249429749347,3.9966073244490232,,0.00216111367203121,1.0090763939287668,,,,5.776593272542843e-10,-1.4827036599763875e-10,-1.0667592844956976e-10,9.273655324187682e-11,,7.14659869531471e-11,,,11.048652728550705,,8.514472925136694
std,1.6926310879809104e-30,8.587737106225609e-14,0.07530348597508384,0.0,0.0,0.0,1385901.1431548777,7.409875221899986,7.300806056751818,0.11676524525727237,0.000356801739172952,0.0,,0.0,0.06686393904247116,,,,9.495931556633061e-11,0.0,1.3652443178801902e-11,1.8682553670020084e-11,,8.835198042060959e-12,,,2.2258454542932324,,1.0526299231745477
# success,4.0,4.0,4.0,4.0,4.0,4.0,4.0,4.0,4.0,4.0,4.0,4.0,0.0,1.0,4.0,0.0,0.0,0.0,3.0,1.0,2.0,2.0,0.0,3.0,4.0,4.0,4.0,4.0,4.0
