Legend,Volume/[m^3],Box size/[m],Temperature/[K],Number of wat,Number of K,Number of Cl,Pressure/[Pa],Tot Energy/[kJ],Potential Energy/[kJ],Density/[kg/m^3],Molarity/[mol/l],Molality/[mol/kg],Viscosity shear/[Pa*s],Viscosity bulk/[Pa*s],Thermal conductivity/[W/(m*K)],Self diffusivity YH_cor wat/[m^2/s],Self diffusivity YH_cor K/[m^2/s],Self diffusivity YH_cor Cl/[m^2/s],Onsager watwat/[m^2/s],Onsager watK/[m^2/s],Onsager watCl/[m^2/s],Onsager KK/[m^2/s],Onsager KCl/[m^2/s],Onsager ClCl/[m^2/s],E conduct NEYH_cor /[S/m],E conduct Ons/[S/m],sig ++/[S/m],sig +-/[S/m],sig --/[S/m]
Mean,1.68401e-26,2.5631944549462074e-09,298.1633214285714,500.0,36.0,36.0,-1729816.7812500002,-35162.40922,-39145.03927714286,1152.96265,3.5498249429749347,3.9966073244490232,0.0008297788876727684,0.0019621958261547188,1.046689176912546,2.0441621957009517e-09,,,5.631853052921974e-10,-1.6173848017740259e-10,-1.1762357998349085e-10,9.089164861189232e-11,,7.057284654656032e-11,,,10.828820564453917,,8.408040822745644
std,1.6926310879809104e-30,8.587737106225609e-14,0.08829815272988388,0.0,0.0,0.0,1293151.730999981,7.7359340282385345,7.3844812146026415,0.11676524525727237,0.000356801739172952,0.0,0.0,7.29325877620421e-05,0.05674713127468395,0.0,,,4.30870431647147e-11,2.4523657662255436e-11,0.0,4.878740716647501e-12,,7.62413130076717e-12,,,0.5812624732941053,,0.9083419324145301
# success,4.0,4.0,4.0,4.0,4.0,4.0,4.0,4.0,4.0,4.0,4.0,4.0,1.0,3.0,3.0,1.0,0.0,0.0,2.0,2.0,1.0,2.0,0.0,2.0,4.0,4.0,4.0,4.0,4.0
