Legend,Volume/[m^3],Box size/[m],Temperature/[K],Number of wat,Number of K,Number of Cl,Pressure/[Pa],Tot Energy/[kJ],Potential Energy/[kJ],Density/[kg/m^3],Molarity/[mol/l],Molality/[mol/kg],Viscosity shear/[Pa*s],Viscosity bulk/[Pa*s],Thermal conductivity/[W/(m*K)],Self diffusivity YH_cor wat/[m^2/s],Self diffusivity YH_cor K/[m^2/s],Self diffusivity YH_cor Cl/[m^2/s],Onsager watwat/[m^2/s],Onsager watK/[m^2/s],Onsager watCl/[m^2/s],Onsager KK/[m^2/s],Onsager KCl/[m^2/s],Onsager ClCl/[m^2/s],E conduct NEYH_cor /[S/m],E conduct Ons/[S/m],sig ++/[S/m],sig +-/[S/m],sig --/[S/m]
Mean,1.68401e-26,2.5631944549462074e-09,298.14380000000006,500.0,36.0,36.0,-1306153.6985437502,-35164.568164,-39146.93806600001,1152.96265,3.5498249429749347,3.9966073244490232,,0.002053671064063732,1.036626792848093,,,,5.754829802698872e-10,-1.468331565785998e-10,-1.1337165200980628e-10,8.428454724615692e-11,-1.5891916292389277e-11,7.041064398887822e-11,,22.2185441540749,10.042308760176885,1.8934850505035539,8.389265292890903
std,1.6926310879809104e-30,8.587737106225609e-14,0.07860860321873,0.0,0.0,0.0,1286128.0753605424,7.9350874038685255,7.567166758565208,0.11676524525727237,0.000356801739172952,0.0,,0.00015960325151389386,0.11620771469494548,,,,1.421433206846756e-11,7.515894448282888e-12,6.066508726516143e-12,5.673075645657116e-12,1.4048090031451614e-12,4.661022980515989e-12,,0.9366981916012118,0.6759397745165504,0.16738059455689663,0.5553551470512929
# success,4.0,4.0,4.0,4.0,4.0,4.0,4.0,4.0,4.0,4.0,4.0,4.0,0.0,3.0,4.0,0.0,0.0,0.0,3.0,4.0,2.0,2.0,2.0,2.0,4.0,4.0,4.0,4.0,4.0
