Legend,Volume/[m^3],Box size/[m],Temperature/[K],Number of wat,Number of K,Number of Cl,Pressure/[Pa],Tot Energy/[kJ],Potential Energy/[kJ],Density/[kg/m^3],Molarity/[mol/l],Molality/[mol/kg],Viscosity shear/[Pa*s],Viscosity bulk/[Pa*s],Thermal conductivity/[W/(m*K)],Self diffusivity YH_cor wat/[m^2/s],Self diffusivity YH_cor K/[m^2/s],Self diffusivity YH_cor Cl/[m^2/s],Onsager watwat/[m^2/s],Onsager watK/[m^2/s],Onsager watCl/[m^2/s],Onsager KK/[m^2/s],Onsager KCl/[m^2/s],Onsager ClCl/[m^2/s],E conduct NEYH_cor /[S/m],E conduct Ons/[S/m],sig ++/[S/m],sig +-/[S/m],sig --/[S/m]
Mean,1.68401e-26,2.5631944549462074e-09,298.14658333333335,500.0,36.0,36.0,-1471161.44415625,-35165.00504333333,-39147.41120666667,1152.96265,3.5498249429749347,3.9966073244490232,0.0010582871868009263,0.0021592773687423364,1.0955735928050185,1.991379395477492e-09,1.7540136148330004e-09,1.570543824568751e-09,5.662566154074125e-10,-1.5256221756271344e-10,-1.1166045470325104e-10,8.177328923989763e-11,-1.4616042434449223e-11,6.984654609617534e-11,24.929976562023008,21.54788661898109,9.74300722384049,1.741451375461098,8.321976644218404
std,1.6926310879809104e-30,8.587737106225609e-14,0.07776495367987445,0.0,0.0,0.0,1372123.0647449733,7.640638505637421,7.331283487202574,0.11676524525727237,0.000356801739172952,0.0,1.133379588693327e-05,0.0002250664116213448,0.03268170227915034,7.442846877600402e-12,0.0,0.0,1.3809917958650374e-11,9.55592175826137e-12,1.082837244984012e-11,4.609425991981087e-12,1.4449869467791327e-12,2.1688418074571052e-12,0.006968535144565641,0.697848992179425,0.5492040656399382,0.1721659317400623,0.2584205399454139
# success,4.0,4.0,4.0,4.0,4.0,4.0,4.0,4.0,4.0,4.0,4.0,4.0,2.0,4.0,3.0,2.0,1.0,1.0,3.0,4.0,2.0,3.0,3.0,2.0,4.0,4.0,4.0,4.0,4.0
