Legend,Volume/[m^3],Box size/[m],Temperature/[K],Number of wat,Number of K,Number of Cl,Pressure/[Pa],Tot Energy/[kJ],Potential Energy/[kJ],Density/[kg/m^3],Molarity/[mol/l],Molality/[mol/kg],Viscosity shear/[Pa*s],Viscosity bulk/[Pa*s],Thermal conductivity/[W/(m*K)],Self diffusivity YH_cor wat/[m^2/s],Self diffusivity YH_cor K/[m^2/s],Self diffusivity YH_cor Cl/[m^2/s],Onsager watwat/[m^2/s],Onsager watK/[m^2/s],Onsager watCl/[m^2/s],Onsager KK/[m^2/s],Onsager KCl/[m^2/s],Onsager ClCl/[m^2/s],E conduct NEYH_cor /[S/m],E conduct Ons/[S/m],sig ++/[S/m],sig +-/[S/m],sig --/[S/m]
Mean,1.68401e-26,2.5631944549462074e-09,298.12988333333334,500.0,36.0,36.0,-1541904.2709,-35165.24039333333,-39147.422364,1152.96265,3.5498249429749347,3.9966073244490232,0.0011163684021417825,0.0021129764313262455,1.0356324619114374,2.0038664620558974e-09,1.7790600402492196e-09,1.56932194099186e-09,5.612365392600554e-10,-1.5135959430371626e-10,-1.1183647685274639e-10,8.270079090489926e-11,-1.3769879978761588e-11,6.967901242114527e-11,25.110036978694176,21.43800028706506,9.854067822327037,1.6407259196838169,8.302480625370386
std,1.6926310879809104e-30,8.587737106225609e-14,0.08206275376536783,0.0,0.0,0.0,1380641.8575898202,8.318109792722051,7.887245195132291,0.11676524525727237,0.000356801739172952,0.0,5.254961925656751e-06,0.0001583764293649862,0.0027076293020403016,1.6504871884475506e-11,3.784178086557401e-11,0.0,1.9461769920810033e-11,2.2187226229801513e-12,6.720132532730761e-12,4.484252635476574e-13,2.6452757950743477e-12,0.0,0.2838767752132499,0.6326779510443687,0.05350929676015258,0.31519356869764537,0.002432921993581246
# success,4.0,4.0,4.0,4.0,4.0,4.0,4.0,4.0,4.0,4.0,4.0,4.0,2.0,4.0,3.0,2.0,2.0,1.0,3.0,3.0,2.0,2.0,4.0,1.0,4.0,4.0,4.0,4.0,4.0
