Legend,Volume/[m^3],Box size/[m],Temperature/[K],Number of wat,Number of K,Number of Cl,Pressure/[Pa],Tot Energy/[kJ],Potential Energy/[kJ],Density/[kg/m^3],Molarity/[mol/l],Molality/[mol/kg],Viscosity shear/[Pa*s],Viscosity bulk/[Pa*s],Thermal conductivity/[W/(m*K)],Self diffusivity YH_cor wat/[m^2/s],Self diffusivity YH_cor K/[m^2/s],Self diffusivity YH_cor Cl/[m^2/s],Onsager watwat/[m^2/s],Onsager watK/[m^2/s],Onsager watCl/[m^2/s],Onsager KK/[m^2/s],Onsager KCl/[m^2/s],Onsager ClCl/[m^2/s],E conduct NEYH_cor /[S/m],E conduct Ons/[S/m],sig ++/[S/m],sig +-/[S/m],sig --/[S/m]
Mean,1.68401e-26,2.5631944549462074e-09,298.1349264705882,500.0,36.0,36.0,-1471027.0668419118,-35165.5121482353,-39147.762744705884,1152.96265,3.5498249429749347,3.9966073244490232,0.0011001693089075263,0.002080978356252339,0.9921553640509944,2.014262229019865e-09,1.7887851153737957e-09,1.5266176407460893e-09,5.435097829728502e-10,-1.4691826680067662e-10,-1.0931931286077554e-10,8.20586105894235e-11,-1.3776293206025598e-11,6.764777824056822e-11,24.86230007458981,21.12062530664446,9.777384558815791,1.6414623097173728,8.060316128393922
std,1.6926310879809104e-30,8.587737106225609e-14,0.08182523679869477,0.0,0.0,0.0,1375185.4111875996,8.0370289507726,7.620407984177914,0.11676524525727237,0.000356801739172952,0.0,5.0030998743459416e-06,8.891382602855551e-05,0.04954320467900168,1.2929672039044313e-11,5.4264195666850624e-11,4.742871829521167e-11,1.3312642005141196e-11,8.540646318227072e-12,2.0264745801750194e-12,4.101108317904453e-12,1.7922362551626258e-12,0.0,0.5405039129375317,0.6490212223698355,0.4886604655813922,0.2135476970203275,0.002355893075006806
# success,4.0,4.0,4.0,4.0,4.0,4.0,4.0,4.0,4.0,4.0,4.0,4.0,2.0,4.0,4.0,2.0,2.0,2.0,3.0,4.0,2.0,3.0,4.0,1.0,4.0,4.0,4.0,4.0,4.0
