Legend,Volume/[m^3],Box size/[m],Temperature/[K],Number of wat,Number of K,Number of Cl,Pressure/[Pa],Tot Energy/[kJ],Potential Energy/[kJ],Density/[kg/m^3],Molarity/[mol/l],Molality/[mol/kg],Viscosity shear/[Pa*s],Viscosity bulk/[Pa*s],Thermal conductivity/[W/(m*K)],Self diffusivity YH_cor wat/[m^2/s],Self diffusivity YH_cor K/[m^2/s],Self diffusivity YH_cor Cl/[m^2/s],Onsager watwat/[m^2/s],Onsager watK/[m^2/s],Onsager watCl/[m^2/s],Onsager KK/[m^2/s],Onsager KCl/[m^2/s],Onsager ClCl/[m^2/s],E conduct NEYH_cor /[S/m],E conduct Ons/[S/m],sig ++/[S/m],sig +-/[S/m],sig --/[S/m]
Mean,1.68401e-26,2.5631944549462074e-09,298.13216249999994,500.0,36.0,36.0,-1337899.087021875,-35166.726585000004,-39148.940109999996,1152.96265,3.5498249429749347,3.9966073244490232,0.0010271936100860156,0.0021328319072265955,0.9556399086878592,2.012286314791696e-09,1.7467702294906066e-09,1.4905489744215181e-09,5.498845160639177e-10,-1.547882277181519e-10,-1.0874706192396868e-10,7.970561067036826e-11,-1.4199700049349711e-11,6.540863726973673e-11,24.276974352434895,20.674556626796477,9.497109765736655,1.6919274424346786,7.793591976190465
std,1.6926310879809104e-30,8.587737106225609e-14,0.0821858592992118,0.0,0.0,0.0,1409282.2611051775,8.03957224591795,7.5917364922476835,0.11676524525727237,0.000356801739172952,0.0,0.0,0.00010335958120935572,0.08059511948589142,0.0,0.0,0.0,2.654692880285972e-11,2.4376507173731474e-12,1.380727012136462e-11,4.950494583599893e-12,2.450907744124711e-12,1.4204595054870958e-12,0.007123385787553132,0.8472015112046926,0.5898695802286322,0.29203180691683417,0.16926651757889968
# success,4.0,4.0,4.0,4.0,4.0,4.0,4.0,4.0,4.0,4.0,4.0,4.0,1.0,4.0,4.0,1.0,1.0,1.0,3.0,3.0,3.0,3.0,3.0,3.0,4.0,4.0,4.0,4.0,4.0
