Legend,Volume/[m^3],Box size/[m],Temperature/[K],Number of wat,Number of K,Number of Cl,Pressure/[Pa],Tot Energy/[kJ],Potential Energy/[kJ],Density/[kg/m^3],Molarity/[mol/l],Molality/[mol/kg],Viscosity shear/[Pa*s],Viscosity bulk/[Pa*s],Thermal conductivity/[W/(m*K)],Self diffusivity YH_cor wat/[m^2/s],Self diffusivity YH_cor K/[m^2/s],Self diffusivity YH_cor Cl/[m^2/s],Onsager watwat/[m^2/s],Onsager watK/[m^2/s],Onsager watCl/[m^2/s],Onsager KK/[m^2/s],Onsager KCl/[m^2/s],Onsager ClCl/[m^2/s],E conduct NEYH_cor /[S/m],E conduct Ons/[S/m],sig ++/[S/m],sig +-/[S/m],sig --/[S/m]
Mean,1.68401e-26,2.5631944549462074e-09,298.11841666666663,500.0,36.0,36.0,-976556.055575625,-35169.32676666667,-39151.355324000004,1152.96265,3.5498249429749347,3.9966073244490232,0.0011076554974157507,0.0021044176448223664,0.9435714132939841,2.004618509522064e-09,1.7542379587855243e-09,1.5053034031776582e-09,5.610975366635278e-10,-1.4753465692625576e-10,-1.1436990894603854e-10,8.257398086399129e-11,-1.4129581679489464e-11,6.983505105363698e-11,24.44474755805563,21.528030231100097,9.839336434509981,1.6836503020530948,8.321393192483924
std,1.6926310879809104e-30,8.587737106225609e-14,0.08420008330030197,0.0,0.0,0.0,1478998.9856761263,8.379565953390996,7.890837201070594,0.11676524525727237,0.000356801739172952,0.0,3.210029166474484e-05,0.0002230200509394643,0.060879945445553,1.4253935176289022e-11,2.0764269082171802e-11,3.911303132946023e-11,3.346056010432605e-11,6.129035850291908e-12,6.971509446465588e-12,3.4093824947866506e-12,2.8413068038948356e-12,1.10818497300917e-12,0.33217871963583595,0.8006394908899859,0.40626533079331817,0.33856433143310705,0.13207248002032282
# success,4.0,4.0,4.0,4.0,4.0,4.0,4.0,4.0,4.0,4.0,4.0,4.0,2.0,4.0,4.0,2.0,2.0,2.0,4.0,4.0,4.0,3.0,2.0,2.0,4.0,4.0,4.0,4.0,4.0
