Legend,Volume/[m^3],Box size/[m],Temperature/[K],Number of wat,Number of K,Number of Cl,Pressure/[Pa],Tot Energy/[kJ],Potential Energy/[kJ],Density/[kg/m^3],Molarity/[mol/l],Molality/[mol/kg],Viscosity shear/[Pa*s],Viscosity bulk/[Pa*s],Thermal conductivity/[W/(m*K)],Self diffusivity YH_cor wat/[m^2/s],Self diffusivity YH_cor K/[m^2/s],Self diffusivity YH_cor Cl/[m^2/s],Onsager watwat/[m^2/s],Onsager watK/[m^2/s],Onsager watCl/[m^2/s],Onsager KK/[m^2/s],Onsager KCl/[m^2/s],Onsager ClCl/[m^2/s],E conduct NEYH_cor /[S/m],E conduct Ons/[S/m],sig ++/[S/m],sig +-/[S/m],sig --/[S/m]
Mean,1.68401e-26,2.5631944549462074e-09,298.14653,500.0,36.0,36.0,-1018559.28915825,-35169.0469268,-39151.4503008,1152.96265,3.5498249429749347,3.9966073244490232,0.001076483045555732,0.0022650407925719433,0.9481580825375371,1.997961565188866e-09,1.7787795906356415e-09,1.4606206211329224e-09,5.14042418369814e-10,-1.4247585809566606e-10,-1.0993250508810478e-10,7.493200942984743e-11,-1.3935430820145585e-11,6.176833714722794e-11,24.291409389875238,19.60809907766169,8.92789377257353,1.6603591306834695,7.359487043721223
std,1.6926310879809104e-30,8.587737106225609e-14,0.08688182865248623,0.0,0.0,0.0,1544834.5984315318,8.989810952512475,8.565912171694643,0.11676524525727237,0.000356801739172952,0.0,6.0469417020772034e-05,0.00020503194839307783,0.03461065410889718,3.741613773320814e-12,1.7530569678526384e-11,3.783318719989406e-11,5.14568273319627e-11,1.3901738911240437e-11,6.693663274645168e-12,1.0783477827910626e-11,2.4773795454015182e-12,6.647624117115361e-12,0.3127672704844355,1.6206850112423425,1.2848176118063102,0.2951717808367454,0.7920450266028808
# success,4.0,4.0,4.0,4.0,4.0,4.0,4.0,4.0,4.0,4.0,4.0,4.0,2.0,4.0,4.0,2.0,2.0,2.0,4.0,4.0,4.0,4.0,2.0,4.0,4.0,4.0,4.0,4.0,4.0
