Legend,Volume/[m^3],Box size/[m],Temperature/[K],Number of wat,Number of K,Number of Cl,Pressure/[Pa],Tot Energy/[kJ],Potential Energy/[kJ],Density/[kg/m^3],Molarity/[mol/l],Molality/[mol/kg],Viscosity shear/[Pa*s],Viscosity bulk/[Pa*s],Thermal conductivity/[W/(m*K)],Self diffusivity YH_cor wat/[m^2/s],Self diffusivity YH_cor K/[m^2/s],Self diffusivity YH_cor Cl/[m^2/s],Onsager watwat/[m^2/s],Onsager watK/[m^2/s],Onsager watCl/[m^2/s],Onsager KK/[m^2/s],Onsager KCl/[m^2/s],Onsager ClCl/[m^2/s],E conduct NEYH_cor /[S/m],E conduct Ons/[S/m],sig ++/[S/m],sig +-/[S/m],sig --/[S/m]
Mean,1.68401e-26,2.5631944549462074e-09,298.1394416666667,500.0,36.0,36.0,-914807.9086103125,-35168.981063666666,-39151.28960033334,1152.96265,3.5498249429749347,3.9966073244490232,0.0010673066993493233,0.0023155768397971985,0.9620669948098863,1.9910884447449968e-09,1.7664347442787965e-09,1.4477785914038933e-09,5.454063211285029e-10,-1.4084873954686426e-10,-1.115528422045691e-10,7.890707117447912e-11,-2.6459181167963024e-12,6.07764882686981e-11,24.10311268014101,17.273735416394466,9.40173236698372,0.31525962919173856,7.2414837910272665
std,1.6926310879809104e-30,8.587737106225609e-14,0.08853905192217579,0.0,0.0,0.0,1629148.8731605944,9.131141188995226,8.692932162575953,0.11676524525727237,0.000356801739172952,0.0,2.802115769799131e-05,0.00024414039183065525,0.029816685540882376,5.537754183224897e-12,9.044115877086622e-12,2.1931863546084677e-11,4.301220712601777e-11,1.737378871880928e-11,4.870721860399513e-12,4.227104195716712e-12,9.837829722588652e-12,7.150974214200788e-12,0.17806065526209747,2.5447218404585135,0.5036656708690185,1.1721717848079822,0.852037509485183
# success,4.0,4.0,4.0,4.0,4.0,4.0,4.0,4.0,4.0,4.0,4.0,4.0,2.0,3.0,4.0,2.0,2.0,2.0,4.0,4.0,4.0,3.0,4.0,4.0,4.0,4.0,4.0,4.0,4.0
