Legend,Volume/[m^3],Box size/[m],Temperature/[K],Number of wat,Number of K,Number of Cl,Pressure/[Pa],Tot Energy/[kJ],Potential Energy/[kJ],Density/[kg/m^3],Molarity/[mol/l],Molality/[mol/kg],Viscosity shear/[Pa*s],Viscosity bulk/[Pa*s],Thermal conductivity/[W/(m*K)],Self diffusivity YH_cor wat/[m^2/s],Self diffusivity YH_cor K/[m^2/s],Self diffusivity YH_cor Cl/[m^2/s],Onsager watwat/[m^2/s],Onsager watK/[m^2/s],Onsager watCl/[m^2/s],Onsager KK/[m^2/s],Onsager KCl/[m^2/s],Onsager ClCl/[m^2/s],E conduct NEYH_cor /[S/m],E conduct Ons/[S/m],sig ++/[S/m],sig +-/[S/m],sig --/[S/m]
Mean,1.68401e-26,2.5631944549462074e-09,298.1435535714285,500.0,36.0,36.0,-729963.4183575001,-35169.49527228572,-39151.85889828571,1152.96265,3.5498249429749347,3.9966073244490232,0.0010581996876314276,0.0023975201151844525,0.9435817561501999,1.9905394276497807e-09,1.7584145927624444e-09,1.4560103823894846e-09,5.290011267402163e-10,-1.4468286441358556e-10,-1.0411154993642398e-10,7.289173976993361e-11,-6.170290747276224e-12,6.174948277208721e-11,24.10436730188583,17.512556292917246,8.684889292092253,0.7351764714253575,7.357314057974277
std,1.6926310879809104e-30,8.587737106225609e-14,0.08940754252698245,0.0,0.0,0.0,1675596.2182117337,9.062881093776344,8.608510888035697,0.11676524525727237,0.000356801739172952,0.0,4.158199569380102e-06,0.00021074664010689725,0.028440653391926862,3.249894975729499e-12,6.888653975319748e-12,1.8351139406554733e-11,3.7616685583440046e-11,1.8172206098415065e-11,1.1619162129863607e-11,9.522020288439661e-12,8.340854433715905e-12,5.642874949104352e-12,0.14718534882798215,2.385315074702585,1.1345309452489996,0.9937943526890584,0.6723400743989296
# success,4.0,4.0,4.0,4.0,4.0,4.0,4.0,4.0,4.0,4.0,4.0,4.0,2.0,3.0,4.0,2.0,2.0,2.0,4.0,4.0,4.0,4.0,3.0,4.0,4.0,4.0,4.0,4.0,4.0
