Legend,Volume/[m^3],Box size/[m],Temperature/[K],Number of wat,Number of K,Number of Cl,Pressure/[Pa],Tot Energy/[kJ],Potential Energy/[kJ],Density/[kg/m^3],Molarity/[mol/l],Molality/[mol/kg],Viscosity shear/[Pa*s],Viscosity bulk/[Pa*s],Thermal conductivity/[W/(m*K)],Self diffusivity YH_cor wat/[m^2/s],Self diffusivity YH_cor K/[m^2/s],Self diffusivity YH_cor Cl/[m^2/s],Onsager watwat/[m^2/s],Onsager watK/[m^2/s],Onsager watCl/[m^2/s],Onsager KK/[m^2/s],Onsager KCl/[m^2/s],Onsager ClCl/[m^2/s],E conduct NEYH_cor /[S/m],E conduct Ons/[S/m],sig ++/[S/m],sig +-/[S/m],sig --/[S/m]
Mean,1.68401e-26,2.5631944549462074e-09,298.143753125,500.0,36.0,36.0,-638792.7556139063,-35169.13604600001,-39151.502156250004,1152.96265,3.5498249429749347,3.9966073244490232,0.0010793107705019543,0.002405550528754729,0.9487816412030214,2.0088475243581502e-09,1.749912031388991e-09,1.4976922921008385e-09,5.379908648975428e-10,-1.4947462072795312e-10,-1.0710484662973088e-10,7.506055144055103e-11,-1.1302657824365376e-11,6.364752433449e-11,24.353156684129583,19.220120312115053,8.943292411422785,1.3466857358437385,7.58345642900479
std,1.6926310879809104e-30,8.587737106225609e-14,0.08897690420790001,0.0,0.0,0.0,1690761.750681783,9.056239640963195,8.635744008277573,0.11676524525727237,0.000356801739172952,0.0,3.4925869461981865e-05,0.0001851681187915682,0.054241789156921856,1.1725245362037817e-11,7.405226288962154e-12,9.322952694158276e-12,2.68712110677066e-11,1.2903957462710422e-11,9.846368130633717e-12,7.719223733983755e-12,1.1199580421493993e-12,5.097898683466322e-12,0.08961018317066448,1.134063291239743,0.9197321012521373,0.1334411038661608,0.6074076210370719
# success,4.0,4.0,4.0,4.0,4.0,4.0,4.0,4.0,4.0,4.0,4.0,4.0,3.0,3.0,4.0,3.0,3.0,3.0,4.0,4.0,4.0,4.0,2.0,4.0,4.0,4.0,4.0,4.0,4.0
