Legend,Volume/[m^3],Box size/[m],Temperature/[K],Number of wat,Number of K,Number of Cl,Pressure/[Pa],Tot Energy/[kJ],Potential Energy/[kJ],Density/[kg/m^3],Molarity/[mol/l],Molality/[mol/kg],Viscosity shear/[Pa*s],Viscosity bulk/[Pa*s],Thermal conductivity/[W/(m*K)],Self diffusivity YH_cor wat/[m^2/s],Self diffusivity YH_cor K/[m^2/s],Self diffusivity YH_cor Cl/[m^2/s],Onsager watwat/[m^2/s],Onsager watK/[m^2/s],Onsager watCl/[m^2/s],Onsager KK/[m^2/s],Onsager KCl/[m^2/s],Onsager ClCl/[m^2/s],E conduct NEYH_cor /[S/m],E conduct Ons/[S/m],sig ++/[S/m],sig +-/[S/m],sig --/[S/m]
Mean,1.68401e-26,2.5631944549462074e-09,298.1443722222222,500.0,36.0,36.0,-604734.0503283334,-35169.16626377778,-39151.54011733334,1152.96265,3.5498249429749347,3.9966073244490232,0.0010453111486057884,0.0023908163489817177,0.9558844618757462,2.0178476904843373e-09,1.7721624644572816e-09,1.5066119549013839e-09,5.491768478600517e-10,-1.5075306229670921e-10,-1.0704630575474234e-10,7.632695000572185e-11,-1.1762905615574936e-11,6.314824126503258e-11,24.586844149539907,19.42115497022039,9.094162009513223,1.401520293456401,7.523952373794363
std,1.6926310879809104e-30,8.587737106225609e-14,0.0882751897215199,0.0,0.0,0.0,1707179.2040744459,9.052247655841674,8.65431522511579,0.11676524525727237,0.000356801739172952,0.0,5.463271900788088e-06,0.00013476364280252135,0.05260370476460926,1.461955913596116e-11,2.5985198234626197e-11,2.2623392189859814e-11,1.8627038306353575e-11,1.1220022321522546e-11,7.277015538766302e-12,7.431804930550768e-12,1.1076591213529777e-12,6.119287009968593e-12,0.25847446483163483,1.1770154536579893,0.885485225641301,0.13197549532271635,0.729101282651331
# success,4.0,4.0,4.0,4.0,4.0,4.0,4.0,4.0,4.0,4.0,4.0,4.0,3.0,3.0,4.0,3.0,3.0,3.0,4.0,4.0,4.0,4.0,2.0,4.0,4.0,4.0,4.0,4.0,4.0
