Legend,Volume/[m^3],Box size/[m],Temperature/[K],Number of wat,Number of K,Number of Cl,Pressure/[Pa],Tot Energy/[kJ],Potential Energy/[kJ],Density/[kg/m^3],Molarity/[mol/l],Molality/[mol/kg],Viscosity shear/[Pa*s],Viscosity bulk/[Pa*s],Thermal conductivity/[W/(m*K)],Self diffusivity YH_cor wat/[m^2/s],Self diffusivity YH_cor K/[m^2/s],Self diffusivity YH_cor Cl/[m^2/s],Onsager watwat/[m^2/s],Onsager watK/[m^2/s],Onsager watCl/[m^2/s],Onsager KK/[m^2/s],Onsager KCl/[m^2/s],Onsager ClCl/[m^2/s],E conduct NEYH_cor /[S/m],E conduct Ons/[S/m],sig ++/[S/m],sig +-/[S/m],sig --/[S/m]
Mean,1.68401e-26,2.5631944549462074e-09,298.14915249999996,500.0,36.0,36.0,-559818.7958304374,-35168.6064562,-39151.044348200005,1152.96265,3.5498249429749347,3.9966073244490232,0.0010860032782430598,0.0023700610432488517,0.9617546140771333,2.0131413979128636e-09,1.772225042398167e-09,1.5000409997150522e-09,5.321846337624079e-10,-1.4987721256987308e-10,-1.0373623269105414e-10,7.693649388350764e-11,-1.0388671377961528e-11,6.247301988673838e-11,24.537645766046353,19.08555062610873,9.166640639889874,1.2377639328336552,7.443382120551547
std,1.6926310879809104e-30,8.587737106225609e-14,0.0878093788057401,0.0,0.0,0.0,1717735.636430729,9.41320683418078,9.004765000807735,0.11676524525727237,0.000356801739172952,0.0,6.21998398214764e-05,4.351653347358095e-05,0.12105506279832354,8.521285185862603e-12,2.7657634952332463e-11,1.995625425048625e-11,1.8415601418630305e-11,1.040835312956863e-11,3.4974122856200804e-12,6.188973158542111e-12,2.7391973254811634e-13,6.343550609547859e-12,0.25586117532823555,1.0579603699800384,0.7373941093473141,0.032638589299597585,0.7558093560829225
# success,4.0,4.0,4.0,4.0,4.0,4.0,4.0,4.0,4.0,4.0,4.0,4.0,4.0,3.0,4.0,4.0,4.0,4.0,4.0,4.0,4.0,4.0,2.0,4.0,4.0,4.0,4.0,4.0,4.0
