Legend,Volume/[m^3],Box size/[m],Temperature/[K],Number of wat,Number of K,Number of Cl,Pressure/[Pa],Tot Energy/[kJ],Potential Energy/[kJ],Density/[kg/m^3],Molarity/[mol/l],Molality/[mol/kg],Viscosity shear/[Pa*s],Viscosity bulk/[Pa*s],Thermal conductivity/[W/(m*K)],Self diffusivity YH_cor wat/[m^2/s],Self diffusivity YH_cor K/[m^2/s],Self diffusivity YH_cor Cl/[m^2/s],Onsager watwat/[m^2/s],Onsager watK/[m^2/s],Onsager watCl/[m^2/s],Onsager KK/[m^2/s],Onsager KCl/[m^2/s],Onsager ClCl/[m^2/s],E conduct NEYH_cor /[S/m],E conduct Ons/[S/m],sig ++/[S/m],sig +-/[S/m],sig --/[S/m]
Mean,1.68401e-26,2.5631944549462074e-09,298.153452,500.0,36.0,36.0,-414448.37647920003,-35168.192177439996,-39150.68680448,1152.96265,3.5498249429749347,3.9966073244490232,0.0010475362570429685,0.0023831165671274798,0.941562865421065,2.0218809763873824e-09,1.7695626525973073e-09,1.503855056287367e-09,5.376260673370347e-10,-1.4884322836847957e-10,-1.0507044451811345e-10,7.554064997081626e-11,-6.881987690853639e-12,6.021520360346883e-11,24.545927768161317,17.814364898074395,9.00020226490435,0.819946363000502,7.174269907169038
std,1.6926310879809104e-30,8.587737106225609e-14,0.08682736269172264,0.0,0.0,0.0,1711162.1865450686,9.266098948389578,8.84739267442128,0.11676524525727237,0.000356801739172952,0.0,3.6636913911882966e-05,9.176732025379294e-05,0.037668350601453474,1.4125434959391652e-11,2.54743673746143e-11,1.8629720825224383e-11,2.1641968991652218e-11,1.2781527467047525e-11,5.278243359570308e-12,7.830816658814952e-12,1.4640753147681887e-12,4.3638672864242356e-12,0.23677260764324848,1.1236293679718403,0.932997599179055,0.17443572150319042,0.5199325545029357
# success,4.0,4.0,4.0,4.0,4.0,4.0,4.0,4.0,4.0,4.0,4.0,4.0,4.0,3.0,4.0,4.0,4.0,4.0,4.0,4.0,4.0,4.0,2.0,4.0,4.0,4.0,4.0,4.0,4.0
