Legend,Volume/[m^3],Box size/[m],Temperature/[K],Number of wat,Number of K,Number of Cl,Pressure/[Pa],Tot Energy/[kJ],Potential Energy/[kJ],Density/[kg/m^3],Molarity/[mol/l],Molality/[mol/kg],Viscosity shear/[Pa*s],Viscosity bulk/[Pa*s],Thermal conductivity/[W/(m*K)],Self diffusivity YH_cor wat/[m^2/s],Self diffusivity YH_cor K/[m^2/s],Self diffusivity YH_cor Cl/[m^2/s],Onsager watwat/[m^2/s],Onsager watK/[m^2/s],Onsager watCl/[m^2/s],Onsager KK/[m^2/s],Onsager KCl/[m^2/s],Onsager ClCl/[m^2/s],E conduct NEYH_cor /[S/m],E conduct Ons/[S/m],sig ++/[S/m],sig +-/[S/m],sig --/[S/m]
Mean,1.68401e-26,2.5631944549462074e-09,298.15022,500.0,36.0,36.0,-401863.85883175,-35168.380206400005,-39150.831975333334,1152.96265,3.5498249429749347,3.9966073244490232,0.0010340923531511046,0.002496086088196577,0.9702761143779106,2.0278330452251377e-09,1.760702104176244e-09,1.5108021607681415e-09,5.31336341415496e-10,-1.4516400797650324e-10,-1.0680652954109921e-10,7.300627416318645e-11,-8.467822303190186e-12,6.049477806682262e-11,24.531845615469383,17.923798342787144,8.698341318158066,1.0088997070309442,7.207657610567189
std,1.6926310879809104e-30,8.587737106225609e-14,0.08644032858310716,0.0,0.0,0.0,1775173.8226659205,9.329471706512637,8.894526731123745,0.11676524525727237,0.000356801739172952,0.0,8.008066476536166e-06,0.00015464054060552483,0.07094017559167314,7.675395571241592e-12,2.527625875826225e-11,9.580869345964154e-12,1.529591418902928e-11,1.2896372670776641e-11,3.5422692501491154e-12,8.848568113668132e-12,2.2378025356811307e-12,5.418752762588586e-12,0.2028365937559177,1.346356786457409,1.054267091110401,0.26662343206231637,0.6456217380273993
# success,4.0,4.0,4.0,4.0,4.0,4.0,4.0,4.0,4.0,4.0,4.0,4.0,4.0,3.0,4.0,4.0,4.0,4.0,4.0,4.0,4.0,4.0,3.0,4.0,4.0,4.0,4.0,4.0,4.0
