Legend,Volume/[m^3],Box size/[m],Temperature/[K],Number of wat,Number of K,Number of Cl,Pressure/[Pa],Tot Energy/[kJ],Potential Energy/[kJ],Density/[kg/m^3],Molarity/[mol/l],Molality/[mol/kg],Viscosity shear/[Pa*s],Viscosity bulk/[Pa*s],Thermal conductivity/[W/(m*K)],Self diffusivity YH_cor wat/[m^2/s],Self diffusivity YH_cor K/[m^2/s],Self diffusivity YH_cor Cl/[m^2/s],Onsager watwat/[m^2/s],Onsager watK/[m^2/s],Onsager watCl/[m^2/s],Onsager KK/[m^2/s],Onsager KCl/[m^2/s],Onsager ClCl/[m^2/s],E conduct NEYH_cor /[S/m],E conduct Ons/[S/m],sig ++/[S/m],sig +-/[S/m],sig --/[S/m]
Mean,1.68401e-26,2.5631944549462074e-09,298.1472871428571,500.0,36.0,36.0,-465667.2576705001,-35168.22587657142,-39150.638126628575,1152.96265,3.5498249429749347,3.9966073244490232,0.0010333877352514836,0.0024433538876993174,0.954014169791823,2.0321867520399266e-09,1.7573709197903933e-09,1.5063275388822645e-09,5.202455291786551e-10,-1.444215360291078e-10,-1.0399060145301079e-10,7.502899475238844e-11,-1.0171867772459945e-11,6.211989498499649e-11,24.473553396132125,18.764662371388553,8.939426541843526,1.2119403311392039,7.40135516726662
std,1.6926310879809104e-30,8.587737106225609e-14,0.08687290181286526,0.0,0.0,0.0,1788251.7818173855,9.273996547044348,8.834269965193782,0.11676524525727237,0.000356801739172952,0.0,3.789783791334679e-06,0.00014657854788713236,0.019498592283321174,7.698236078031675e-12,2.4224403958275686e-11,5.4755806548369555e-12,1.987382923546421e-11,1.0467094603236128e-11,5.774360514531203e-12,8.90708593316249e-12,1.8001878316198915e-12,3.861181231201682e-12,0.1863873631653149,1.2336674399825223,1.0612498412885736,0.21448603092007612,0.4600510838961714
# success,4.0,4.0,4.0,4.0,4.0,4.0,4.0,4.0,4.0,4.0,4.0,4.0,4.0,3.0,4.0,4.0,4.0,4.0,4.0,4.0,4.0,4.0,3.0,4.0,4.0,4.0,4.0,4.0,4.0
