Legend,Volume/[m^3],Box size/[m],Temperature/[K],Number of wat,Number of K,Number of Cl,Pressure/[Pa],Tot Energy/[kJ],Potential Energy/[kJ],Density/[kg/m^3],Molarity/[mol/l],Molality/[mol/kg],Viscosity shear/[Pa*s],Viscosity bulk/[Pa*s],Thermal conductivity/[W/(m*K)],Self diffusivity YH_cor wat/[m^2/s],Self diffusivity YH_cor K/[m^2/s],Self diffusivity YH_cor Cl/[m^2/s],Onsager watwat/[m^2/s],Onsager watK/[m^2/s],Onsager watCl/[m^2/s],Onsager KK/[m^2/s],Onsager KCl/[m^2/s],Onsager ClCl/[m^2/s],E conduct NEYH_cor /[S/m],E conduct Ons/[S/m],sig ++/[S/m],sig +-/[S/m],sig --/[S/m]
Mean,1.68401e-26,2.5631944549462074e-09,298.1473,500.0,36.0,36.0,-488604.0028517813,-35168.3220488,-39150.7347322,1152.96265,3.5498249429749347,3.9966073244490232,0.0010423130000122725,0.002524375678253997,1.0407862106086272,2.0309354345011357e-09,1.7549322150337656e-09,1.5051329701643516e-09,5.264979292533325e-10,-1.4332630135521107e-10,-1.0460622565906343e-10,7.337730274442025e-11,-9.695977188553142e-12,6.315350099657155e-11,24.446307449814036,18.577617718194695,8.742633186013741,1.1552396826949716,7.52450516679101
std,1.6926310879809104e-30,8.587737106225609e-14,0.08764748871545026,0.0,0.0,0.0,1804548.0701629207,9.235626220870055,8.785810554558635,0.11676524525727237,0.000356801739172952,0.0,1.2139832390718141e-05,0.00012157291732577039,0.06196821417588843,7.980992362996536e-12,3.096059244640813e-11,5.730836642463916e-12,9.015744630463214e-12,9.676540424558833e-12,5.981399145555978e-12,6.506609686179721e-12,2.148835585076619e-12,3.426233350493964e-12,0.23623061953656074,1.0148254410377746,0.7752431445803689,0.25602603331552487,0.40822967631141943
# success,4.0,4.0,4.0,4.0,4.0,4.0,4.0,4.0,4.0,4.0,4.0,4.0,4.0,3.0,4.0,4.0,4.0,4.0,4.0,4.0,4.0,4.0,4.0,4.0,4.0,4.0,4.0,4.0,4.0
