Legend,Volume/[m^3],Box size/[m],Temperature/[K],Number of wat,Number of K,Number of Cl,Pressure/[Pa],Tot Energy/[kJ],Potential Energy/[kJ],Density/[kg/m^3],Molarity/[mol/l],Molality/[mol/kg],Viscosity shear/[Pa*s],Viscosity bulk/[Pa*s],Thermal conductivity/[W/(m*K)],Self diffusivity YH_cor wat/[m^2/s],Self diffusivity YH_cor K/[m^2/s],Self diffusivity YH_cor Cl/[m^2/s],Onsager watwat/[m^2/s],Onsager watK/[m^2/s],Onsager watCl/[m^2/s],Onsager KK/[m^2/s],Onsager KCl/[m^2/s],Onsager ClCl/[m^2/s],E conduct NEYH_cor /[S/m],E conduct Ons/[S/m],sig ++/[S/m],sig +-/[S/m],sig --/[S/m]
Mean,1.68401e-26,2.5631944549462074e-09,298.147986,500.0,36.0,36.0,-378779.676300375,-35168.26870279999,-39150.690946639996,1152.96265,3.5498249429749347,3.9966073244490232,0.0010513397307383545,0.0027505546687523735,1.01440199639767,2.0215019531871822e-09,1.772217384788493e-09,1.5156151351920053e-09,5.225040002960254e-10,-1.4577599256868962e-10,-1.056447108222175e-10,7.560464419317208e-11,-1.1790797705254704e-11,6.266329350314883e-11,24.654470118739287,19.283726583646825,9.007991923663477,1.4048265372575655,7.466081585468217
std,1.6926310879809104e-30,8.587737106225609e-14,0.08675768944595041,0.0,0.0,0.0,1815649.8044892605,9.178389402380944,8.734459656149916,0.11676524525727237,0.000356801739172952,0.0,4.393039322795317e-05,0.000527084875855598,0.056952724762827776,1.2168876540162192e-11,2.388724954248466e-11,2.2090980702258183e-11,2.4258833001425724e-11,9.629852352110145e-12,2.9466947270224866e-12,9.79982036506913e-12,2.9546322115244087e-12,2.3769788638350723e-12,0.24409814020830387,1.392573770858804,1.16761281839965,0.35203291369731815,0.2832168818315414
# success,4.0,4.0,4.0,4.0,4.0,4.0,4.0,4.0,4.0,4.0,4.0,4.0,4.0,4.0,4.0,4.0,4.0,4.0,4.0,4.0,4.0,4.0,4.0,4.0,4.0,4.0,4.0,4.0,4.0
