Legend,Volume/[m^3],Box size/[m],Temperature/[K],Number of wat,Number of K,Number of Cl,Pressure/[Pa],Tot Energy/[kJ],Potential Energy/[kJ],Density/[kg/m^3],Molarity/[mol/l],Molality/[mol/kg],Viscosity shear/[Pa*s],Viscosity bulk/[Pa*s],Thermal conductivity/[W/(m*K)],Self diffusivity YH_cor wat/[m^2/s],Self diffusivity YH_cor K/[m^2/s],Self diffusivity YH_cor Cl/[m^2/s],Onsager watwat/[m^2/s],Onsager watK/[m^2/s],Onsager watCl/[m^2/s],Onsager KK/[m^2/s],Onsager KCl/[m^2/s],Onsager ClCl/[m^2/s],E conduct NEYH_cor /[S/m],E conduct Ons/[S/m],sig ++/[S/m],sig +-/[S/m],sig --/[S/m]
Mean,1.68401e-26,2.5631944549462074e-09,298.1482916666667,500.0,36.0,36.0,-347567.84379135,-35168.240147000004,-39150.66614946667,1152.96265,3.5498249429749347,3.9966073244490232,0.0010441238385260681,0.002858902874274097,0.9981223672448938,2.020500196572307e-09,1.7751618577801714e-09,1.511737647951084e-09,5.392887443405619e-10,-1.4386726537710785e-10,-1.0241587449890856e-10,7.546447944070585e-11,-1.1738222657243396e-11,6.282881392693733e-11,24.647448455668098,19.274199635824765,8.991282634212679,1.398560996071282,7.4857950094695225
std,1.6926310879809104e-30,8.587737106225609e-14,0.08573334647971634,0.0,0.0,0.0,1809122.8624392112,9.042617173988871,8.624442981898435,0.11676524525727237,0.000356801739172952,0.0,3.5202721176455454e-05,0.0002842893403543985,0.0534322457258997,1.2763813279399458e-11,2.126670493918332e-11,1.9247977214258946e-11,2.4386188443543856e-11,9.026179776657356e-12,6.653057320443194e-12,7.552317991728938e-12,3.757203614091904e-12,5.791090121719798e-12,0.215221595641306,1.444778303119278,0.8998318236970644,0.4476555746061769,0.6899883597595495
# success,4.0,4.0,4.0,4.0,4.0,4.0,4.0,4.0,4.0,4.0,4.0,4.0,4.0,4.0,4.0,4.0,4.0,4.0,4.0,4.0,4.0,4.0,3.0,4.0,4.0,4.0,4.0,4.0,4.0
