Legend,Volume/[m^3],Box size/[m],Temperature/[K],Number of wat,Number of K,Number of Cl,Pressure/[Pa],Tot Energy/[kJ],Potential Energy/[kJ],Density/[kg/m^3],Molarity/[mol/l],Molality/[mol/kg],Viscosity shear/[Pa*s],Viscosity bulk/[Pa*s],Self diffusivity wat/[m^2/s],Self diffusivity K/[m^2/s],Self diffusivity Cl/[m^2/s],Self diffusivity YH_cor wat/[m^2/s],Self diffusivity YH_cor K/[m^2/s],Self diffusivity YH_cor Cl/[m^2/s],Onsager watwat/[m^2/s],Onsager watK/[m^2/s],Onsager watCl/[m^2/s],Onsager KK/[m^2/s],Onsager KCl/[m^2/s],Onsager ClCl/[m^2/s],E conduct NE/[S/m],E conduct NEYH_cor /[S/m],E conduct Ons/[S/m],sig ++/[S/m],sig +-/[S/m],sig --/[S/m]
Mean,3.3931166666666674e-26,3.2374241152225066e-09,297.99863639999995,1000.0,76.0,76.0,-425790.45098318503,-71852.96928093334,-79847.27529303999,1158.9813333333334,3.7193230194573013,4.218641064696191,0.0010434934729305373,0.0023416911909450795,1.876580483610853e-09,1.5948052172034306e-09,1.3510006883131837e-09,2.0603771162671083e-09,1.7786018498596856e-09,1.5347973209694383e-09,5.25916846975799e-10,-1.4881306863550207e-10,-1.047007065105784e-10,7.980968061223161e-11,-1.3505415356967792e-11,6.533911290742904e-11,41.16633049295318,46.30328327673979,33.606904549151224,16.90567390190822,2.8607826291655263,13.84044801807748
std,1.1897712198356626e-30,3.7839200976293075e-14,0.1618098951529713,0.0,0.0,0.0,3088252.771539929,30.520483434955505,28.950599961413737,0.0411294973899001,0.0001304143578661475,0.0,5.324109950091203e-05,7.346654100066662e-05,2.4231525883947345e-12,4.623967108207764e-12,1.3539298624717531e-11,9.02231189071021e-12,5.131784815293229e-12,1.543011981460323e-11,1.6358277934790574e-11,4.796177021478202e-12,9.35325791627001e-13,2.121810089758249e-12,2.2347908933583735e-13,2.3087143459825803e-12,0.2011864773244125,0.2286342516883948,0.6661423597575107,0.44954623420291034,0.04736401106335246,0.4891010591471924
# success,3.0,3.0,3.0,3.0,3.0,3.0,3.0,3.0,3.0,3.0,3.0,3.0,3.0,3.0,3.0,3.0,3.0,3.0,3.0,3.0,3.0,3.0,3.0,3.0,3.0,3.0,3.0,3.0,3.0,3.0,3.0,3.0
