Legend,Volume/[m^3],Box size/[m],Temperature/[K],Number of wat,Number of K,Number of Cl,Pressure/[Pa],Tot Energy/[kJ],Potential Energy/[kJ],Density/[kg/m^3],Molarity/[mol/l],Molality/[mol/kg],Viscosity shear/[Pa*s],Viscosity bulk/[Pa*s],Self diffusivity wat/[m^2/s],Self diffusivity K/[m^2/s],Self diffusivity Cl/[m^2/s],Self diffusivity YH_cor wat/[m^2/s],Self diffusivity YH_cor K/[m^2/s],Self diffusivity YH_cor Cl/[m^2/s],Onsager watwat/[m^2/s],Onsager watK/[m^2/s],Onsager watCl/[m^2/s],Onsager KK/[m^2/s],Onsager KCl/[m^2/s],Onsager ClCl/[m^2/s],E conduct NE/[S/m],E conduct NEYH_cor /[S/m],E conduct Ons/[S/m],sig ++/[S/m],sig +-/[S/m],sig --/[S/m]
Mean,3.18088e-26,3.1684663158544434e-09,298.0013971,1000.0,36.0,36.0,-687440.6460366937,-55216.38061885334,-62913.430669040004,1080.6412666666668,1.879335506676617,1.9983036622245116,0.0009085922347267508,0.0021293581522589928,2.0628401262822965e-09,1.8297741890980564e-09,1.5200460801940382e-09,2.2783997796263883e-09,2.045333842442148e-09,1.7356057335381298e-09,3.96168375410276e-10,-1.0983505741022226e-10,-7.900144127271392e-11,5.3168894610125845e-11,-2.5859908713398062e-12,4.326847912871724e-11,23.653527983329067,26.697718944373484,20.821134192101677,11.17955034027698,0.543743016243453,9.097840835581243
std,3.785058343891871e-30,1.2567944283938156e-13,0.16254627905628397,0.0,0.0,0.0,3039825.507802506,30.694917492023606,29.193610239483146,0.12778902752418364,0.0002236469344871436,0.0,4.0502354875856294e-05,0.00012574008349060817,3.3139365353100275e-12,1.3785633934191446e-11,2.7213877048577268e-11,8.859826000565865e-12,2.230198327934589e-11,3.6297406347937144e-11,9.408555887617631e-12,2.49419736920287e-13,3.6246310812302714e-12,3.360539470531165e-13,2.3209663282792796e-13,1.1255334374100636e-12,0.21581396132039202,0.30118327547019497,0.25202705074563536,0.070935448126089,0.04880271082100678,0.2367146320777736
# success,3.0,3.0,3.0,3.0,3.0,3.0,3.0,3.0,3.0,3.0,3.0,3.0,3.0,3.0,3.0,3.0,3.0,3.0,3.0,3.0,3.0,3.0,3.0,3.0,3.0,3.0,3.0,3.0,3.0,3.0,3.0,3.0
